Workbook

Sheet CLASS TT
A1: L J Institute of Engineering and Technology
A2: FY1 SEM I 2025 (CE/AIML)
A3: Class Time Table Effective From 09TH SEPT 2025
C4: BRANCH | D4: CE/AIML
A5: DAY | B5: LECTURE NO | C5: DIVISION | D5: D-1 | H5: D-2 | L5: D-3 | P5: D-4 | T5: D-5 | X5: D-6 | AB5: D-7 | AF5: D-8 | AJ5: D-9 | AN5: C-10 | AR5: A-11
C6: TIME/ ROOM NO. | D6: BATCH-1 | H6: BATCH-2 | L6: BATCH-3 | P6: BATCH-4 | T6: BATCH-5 | X6: BATCH-6 | AB6: BATCH-7 | AF6: BATCH-8 | AJ6: BATCH-9 | AN6: BATCH-10 | AR6: BATCH-11 | AV6: BATCH-12 | AZ6: BATCH-13
D7: Subject | E7: Batch | F7: Faculty | G7: Room No | H7: Subject | I7: Batch | J7: Faculty | K7: Room No | L7: Subject | M7: Batch | N7: Faculty | O7: Room No | P7: Subject | Q7: Batch | R7: Faculty | S7: Room No | T7: Subject | U7: Batch | V7: Faculty | W7: Room No | X7: Subject | Y7: Batch | Z7: Faculty | AA7: Room No | AB7: Subject | AC7: Batch | AD7: Faculty | AE7: Room No | AF7: Subject | AG7: Batch | AH7: Faculty | AI7: Room No | AJ7: Subject | AK7: Batch | AL7: Faculty | AM7: Room No | AN7: Subject | AO7: Batch | AP7: Faculty | AQ7: Room No | AR7: Subject | AS7: Batch | AT7: Faculty | AU7: Room No | AV7: Subject | AW7: Batch | AX7: Faculty | AY7: Room No | AZ7: Subject | BA7: Batch | BB7: Faculty | BC7: Room No
A8: MON | B8: 1 | C8: 8:45am to 9:45am | D8: =TT!D8 -> ES | E8: =TT!E8 -> 0 | F8: =TT!F8 -> NND | G8: =TT!G8 -> 501 | H8: =TT!H8 -> ES | I8: =TT!I8 -> 0 | J8: =TT!J8 -> NND | K8: =TT!K8 -> 501 | ... BC8: =TT!BC8 -> 0
D9: =TT!D9 -> 0 | E9: =TT!E9 -> 0 | F9: =TT!F9 -> 0 | G9: =TT!G9 -> 0 | H9: =TT!H9 -> 0 | I9: =TT!I9 -> 0 | J9: =TT!J9 -> 0 | K9: =TT!K9 -> 0 | ... BC9: =TT!BC9 -> 0
B10: 2 | C10: 9:45 am to 10:45 am | D10: =TT!D10 -> MATHS-I | E10: =TT!E10 -> 0 | F10: =TT!F10 -> AMS | G10: =TT!G10 -> 501 | H10: =TT!H10 -> PHY | I10: =TT!I10 -> 0 | J10: =TT!J10 -> PYR | K10: =TT!K10 -> 509 | ... BC10: =TT!BC10 -> 0
D11: =TT!D11 -> 0 | E11: =TT!E11 -> 0 | F11: =TT!F11 -> 0 | G11: =TT!G11 -> 0 | H11: =TT!H11 -> 0 | I11: =TT!I11 -> 0 | J11: =TT!J11 -> 0 | K11: =TT!K11 -> 0 | ... BC11: =TT!BC11 -> 0
B12: BREAK | C12: 10:45 am to 11:30 am | D12: =TT!D12 -> 0 | E12: =TT!E12 -> 0 | F12: =TT!F12 -> 0 | G12: =TT!G12 -> 0 | H12: =TT!H12 -> 0 | I12: =TT!I12 -> 0 | J12: =TT!J12 -> 0 | K12: =TT!K12 -> 0 | ... BC12: =TT!BC12 -> 0
D13: =TT!D13 -> 0 | E13: =TT!E13 -> 0 | F13: =TT!F13 -> 0 | G13: =TT!G13 -> 0 | H13: =TT!H13 -> 0 | I13: =TT!I13 -> 0 | J13: =TT!J13 -> 0 | K13: =TT!K13 -> 0 | ... BC13: =TT!BC13 -> 0
B14: 3 | C14: 11:30am to 12:30pm | D14: =TT!D14 -> SE | E14: =TT!E14 -> 0 | F14: =TT!F14 -> IRS | G14: =TT!G14 -> 506-A | H14: =TT!H14 -> PYTHON-I | I14: =TT!I14 -> 0 | J14: =TT!J14 -> MDP | K14: =TT!K14 -> 506-D | ... BC14: =TT!BC14 -> 0
D15: =TT!D15 -> 0 | E15: =TT!E15 -> 0 | F15: =TT!F15 -> 0 | G15: =TT!G15 -> 0 | H15: =TT!H15 -> 0 | I15: =TT!I15 -> 0 | J15: =TT!J15 -> 0 | K15: =TT!K15 -> 0 | ... BC15: =TT!BC15 -> 0
B16: 4 | C16: 12:30pm to 1:30pm | D16: =TT!D16 -> PHY | E16: =TT!E16 -> 0 | F16: =TT!F16 -> KGB | G16: =TT!G16 -> 506-A | H16: =TT!H16 -> PYTHON-I | I16: =TT!I16 -> 0 | J16: =TT!J16 -> MDP | K16: =TT!K16 -> 506-D | ... BC16: =TT!BC16 -> 0
D17: =TT!D17 -> 0 | E17: =TT!E17 -> 0 | F17: =TT!F17 -> 0 | G17: =TT!G17 -> 0 | H17: =TT!H17 -> 0 | I17: =TT!I17 -> 0 | J17: =TT!J17 -> 0 | K17: =TT!K17 -> 0 | ... BC17: =TT!BC17 -> 0
B18: 5 | C18: 1:30pm to 2:30pm | D18: =TT!D18 -> 0 | E18: =TT!E18 -> 0 | F18: =TT!F18 -> 0 | G18: =TT!G18 -> 0 | H18: =TT!H18 -> 0 | I18: =TT!I18 -> 0 | J18: =TT!J18 -> 0 | K18: =TT!K18 -> 0 | ... BC18: =TT!BC18 -> 0
D19: =TT!D19 -> 0 | E19: =TT!E19 -> 0 | F19: =TT!F19 -> 0 | G19: =TT!G19 -> 0 | H19: =TT!H19 -> 0 | I19: =TT!I19 -> 0 | J19: =TT!J19 -> 0 | K19: =TT!K19 -> 0 | ... BC19: =TT!BC19 -> 0
D20: =TT!D20 -> 0 | E20: =TT!E20 -> 0 | F20: =TT!F20 -> 0 | G20: =TT!G20 -> 0 | H20: =TT!H20 -> 0 | I20: =TT!I20 -> 0 | J20: =TT!J20 -> 0 | K20: =TT!K20 -> 0 | ... BC20: =TT!BC20 -> 0
A21: TUE | B21: 1 | C21: 8:45am to 9:45am | D21: =TT!D21 -> PYTHON-I | E21: =TT!E21 -> 0 | F21: =TT!F21 -> HDS | G21: =TT!G21 -> 506-A | H21: =TT!H21 -> PHY | I21: =TT!I21 -> 0 | J21: =TT!J21 -> PYR | K21: =TT!K21 -> 509 | ... BC21: =TT!BC21 -> 0
D22: =TT!D22 -> 0 | E22: =TT!E22 -> 0 | F22: =TT!F22 -> 0 | G22: =TT!G22 -> 0 | H22: =TT!H22 -> 0 | I22: =TT!I22 -> 0 | J22: =TT!J22 -> 0 | K22: =TT!K22 -> 0 | ... BC22: =TT!BC22 -> 0
B23: 2 | C23: 9:45 am to 10:45 am | D23: =TT!D23 -> PYTHON-I | E23: =TT!E23 -> 0 | F23: =TT!F23 -> HDS | G23: =TT!G23 -> 506-A | H23: =TT!H23 -> PHY | I23: =TT!I23 -> 0 | J23: =TT!J23 -> PYR | K23: =TT!K23 -> 509 | ... BC23: =TT!BC23 -> 0
D24: =TT!D24 -> 0 | E24: =TT!E24 -> 0 | F24: =TT!F24 -> 0 | G24: =TT!G24 -> 0 | H24: =TT!H24 -> 0 | I24: =TT!I24 -> 0 | J24: =TT!J24 -> 0 | K24: =TT!K24 -> 0 | ... BC24: =TT!BC24 -> 0
B25: BREAK | C25: 10:45 am to 11:30 am | D25: =TT!D25 -> 0 | E25: =TT!E25 -> 0 | F25: =TT!F25 -> 0 | G25: =TT!G25 -> 0 | H25: =TT!H25 -> 0 | I25: =TT!I25 -> 0 | J25: =TT!J25 -> 0 | K25: =TT!K25 -> 0 | ... BC25: =TT!BC25 -> 0
D26: =TT!D26 -> 0 | E26: =TT!E26 -> 0 | F26: =TT!F26 -> 0 | G26: =TT!G26 -> 0 | H26: =TT!H26 -> 0 | I26: =TT!I26 -> 0 | J26: =TT!J26 -> 0 | K26: =TT!K26 -> 0 | ... BC26: =TT!BC26 -> 0
B27: 3 | C27: 11:30am to 12:30pm | D27: =TT!D27 -> MATHS-I | E27: =TT!E27 -> 0 | F27: =TT!F27 -> AMS | G27: =TT!G27 -> 501 | H27: =TT!H27 -> MATHS-I | I27: =TT!I27 -> 0 | J27: =TT!J27 -> PDB | K27: =TT!K27 -> 502 | ... BC27: =TT!BC27 -> 0
D28: =TT!D28 -> 0 | E28: =TT!E28 -> 0 | F28: =TT!F28 -> 0 | G28: =TT!G28 -> 0 | H28: =TT!H28 -> 0 | I28: =TT!I28 -> 0 | J28: =TT!J28 -> 0 | K28: =TT!K28 -> 0 | ... BC28: =TT!BC28 -> 0
B29: 4 | C29: 12:30pm to 1:30pm | D29: =TT!D29 -> MATHS-I | E29: =TT!E29 -> 0 | F29: =TT!F29 -> AMS | G29: =TT!G29 -> 501 | H29: =TT!H29 -> MATHS-I | I29: =TT!I29 -> 0 | J29: =TT!J29 -> PDB | K29: =TT!K29 -> 502 | ... BC29: =TT!BC29 -> 0
D30: =TT!D30 -> 0 | E30: =TT!E30 -> 0 | F30: =TT!F30 -> 0 | G30: =TT!G30 -> 0 | H30: =TT!H30 -> 0 | I30: =TT!I30 -> 0 | J30: =TT!J30 -> 0 | K30: =TT!K30 -> 0 | ... BC30: =TT!BC30 -> 0
B31: 5 | C31: 1:30pm to 2:30pm | D31: =TT!D31 -> 0 | E31: =TT!E31 -> 0 | F31: =TT!F31 -> 0 | G31: =TT!G31 -> 0 | H31: =TT!H31 -> 0 | I31: =TT!I31 -> 0 | J31: =TT!J31 -> 0 | K31: =TT!K31 -> 0 | ... BC31: =TT!BC31 -> 0
D32: =TT!D32 -> 0 | E32: =TT!E32 -> 0 | F32: =TT!F32 -> 0 | G32: =TT!G32 -> 0 | H32: =TT!H32 -> 0 | I32: =TT!I32 -> 0 | J32: =TT!J32 -> 0 | K32: =TT!K32 -> 0 | ... BC32: =TT!BC32 -> 0
D33: =TT!D33 -> 0 | E33: =TT!E33 -> 0 | F33: =TT!F33 -> 0 | G33: =TT!G33 -> 0 | H33: =TT!H33 -> 0 | I33: =TT!I33 -> 0 | J33: =TT!J33 -> 0 | K33: =TT!K33 -> 0 | ... BC33: =TT!BC33 -> 0
A34: WED | B34: 1 | C34: 8:45am to 9:45am | D34: =TT!D34 -> MATHS-I | E34: =TT!E34 -> 0 | F34: =TT!F34 -> AMS | G34: =TT!G34 -> 501 | H34: =TT!H34 -> SE | I34: =TT!I34 -> 0 | J34: =TT!J34 -> IRS | K34: =TT!K34 -> 502 | ... BC34: =TT!BC34 -> 0
D35: =TT!D35 -> 0 | E35: =TT!E35 -> 0 | F35: =TT!F35 -> 0 | G35: =TT!G35 -> 0 | H35: =TT!H35 -> 0 | I35: =TT!I35 -> 0 | J35: =TT!J35 -> 0 | K35: =TT!K35 -> 0 | ... BC35: =TT!BC35 -> 0
B36: 2 | C36: 9:45 am to 10:45 am | D36: =TT!D36 -> MATHS-I | E36: =TT!E36 -> 0 | F36: =TT!F36 -> AMS | G36: =TT!G36 -> 501 | H36: =TT!H36 -> MATHS-I | I36: =TT!I36 -> 0 | J36: =TT!J36 -> PDB | K36: =TT!K36 -> 502 | ... BC36: =TT!BC36 -> 0
D37: =TT!D37 -> 0 | E37: =TT!E37 -> 0 | F37: =TT!F37 -> 0 | G37: =TT!G37 -> 0 | H37: =TT!H37 -> 0 | I37: =TT!I37 -> 0 | J37: =TT!J37 -> 0 | K37: =TT!K37 -> 0 | ... BC37: =TT!BC37 -> 0
B38: BREAK | C38: 10:45 am to 11:30 am | D38: =TT!D38 -> 0 | E38: =TT!E38 -> 0 | F38: =TT!F38 -> 0 | G38: =TT!G38 -> 0 | H38: =TT!H38 -> 0 | I38: =TT!I38 -> 0 | J38: =TT!J38 -> 0 | K38: =TT!K38 -> 0 | ... BC38: =TT!BC38 -> 0
D39: =TT!D39 -> 0 | E39: =TT!E39 -> 0 | F39: =TT!F39 -> 0 | G39: =TT!G39 -> 0 | H39: =TT!H39 -> 0 | I39: =TT!I39 -> 0 | J39: =TT!J39 -> 0 | K39: =TT!K39 -> 0 | ... BC39: =TT!BC39 -> 0
B40: 3 | C40: 11:30am to 12:30pm | D40: =TT!D40 -> PYTHON-I | E40: =TT!E40 -> 0 | F40: =TT!F40 -> HDS | G40: =TT!G40 -> 506-A | H40: =TT!H40 -> PHY | I40: =TT!I40 -> 0 | J40: =TT!J40 -> PYR | K40: =TT!K40 -> 509 | ... BC40: =TT!BC40 -> 0
D41: =TT!D41 -> 0 | E41: =TT!E41 -> 0 | F41: =TT!F41 -> 0 | G41: =TT!G41 -> 0 | H41: =TT!H41 -> 0 | I41: =TT!I41 -> 0 | J41: =TT!J41 -> 0 | K41: =TT!K41 -> 0 | ... BC41: =TT!BC41 -> 0
B42: 4 | C42: 12:30pm to 1:30pm | D42: =TT!D42 -> PYTHON-I | E42: =TT!E42 -> 0 | F42: =TT!F42 -> HDS | G42: =TT!G42 -> 506-A | H42: =TT!H42 -> PHY | I42: =TT!I42 -> 0 | J42: =TT!J42 -> PYR | K42: =TT!K42 -> 509 | ... BC42: =TT!BC42 -> 0
D43: =TT!D43 -> 0 | E43: =TT!E43 -> 0 | F43: =TT!F43 -> 0 | G43: =TT!G43 -> 0 | H43: =TT!H43 -> 0 | I43: =TT!I43 -> 0 | J43: =TT!J43 -> 0 | K43: =TT!K43 -> 0 | ... BC43: =TT!BC43 -> 0
B44: 5 | C44: 1:30pm to 2:30pm | D44: =TT!D44 -> 0 | E44: =TT!E44 -> 0 | F44: =TT!F44 -> 0 | G44: =TT!G44 -> 0 | H44: =TT!H44 -> 0 | I44: =TT!I44 -> 0 | J44: =TT!J44 -> 0 | K44: =TT!K44 -> 0 | ... BC44: =TT!BC44 -> 0
D45: =TT!D45 -> 0 | E45: =TT!E45 -> 0 | F45: =TT!F45 -> 0 | G45: =TT!G45 -> 0 | H45: =TT!H45 -> 0 | I45: =TT!I45 -> 0 | J45: =TT!J45 -> 0 | K45: =TT!K45 -> 0 | ... BC45: =TT!BC45 -> 0
D46: =TT!D46 -> 0 | E46: =TT!E46 -> 0 | F46: =TT!F46 -> 0 | G46: =TT!G46 -> 0 | H46: =TT!H46 -> 0 | I46: =TT!I46 -> 0 | J46: =TT!J46 -> 0 | K46: =TT!K46 -> 0 | ... BC46: =TT!BC46 -> 0
A47: THU | B47: 1 | C47: 8:45am to 9:45am | D47: =TT!D47 -> PYTHON-I | E47: =TT!E47 -> 0 | F47: =TT!F47 -> HDS | G47: =TT!G47 -> 506-A | H47: =TT!H47 -> SE | I47: =TT!I47 -> 0 | J47: =TT!J47 -> IRS | K47: =TT!K47 -> 506-D | ... BC47: =TT!BC47 -> 0
D48: =TT!D48 -> 0 | E48: =TT!E48 -> 0 | F48: =TT!F48 -> 0 | G48: =TT!G48 -> 0 | H48: =TT!H48 -> 0 | I48: =TT!I48 -> 0 | J48: =TT!J48 -> 0 | K48: =TT!K48 -> 0 | ... BC48: =TT!BC48 -> 0
B49: 2 | C49: 9:45 am to 10:45 am | D49: =TT!D49 -> PYTHON-I | E49: =TT!E49 -> 0 | F49: =TT!F49 -> HDS | G49: =TT!G49 -> 506-A | H49: =TT!H49 -> SE | I49: =TT!I49 -> 0 | J49: =TT!J49 -> IRS | K49: =TT!K49 -> 506-D | ... BC49: =TT!BC49 -> 0
D50: =TT!D50 -> 0 | E50: =TT!E50 -> 0 | F50: =TT!F50 -> 0 | G50: =TT!G50 -> 0 | H50: =TT!H50 -> 0 | I50: =TT!I50 -> 0 | J50: =TT!J50 -> 0 | K50: =TT!K50 -> 0 | ... BC50: =TT!BC50 -> 0
B51: BREAK | C51: 10:45 am to 11:30 am | D51: =TT!D51 -> 0 | E51: =TT!E51 -> 0 | F51: =TT!F51 -> 0 | G51: =TT!G51 -> 0 | H51: =TT!H51 -> 0 | I51: =TT!I51 -> 0 | J51: =TT!J51 -> 0 | K51: =TT!K51 -> 0 | ... BC51: =TT!BC51 -> 0
D52: =TT!D52 -> 0 | E52: =TT!E52 -> 0 | F52: =TT!F52 -> 0 | G52: =TT!G52 -> 0 | H52: =TT!H52 -> 0 | I52: =TT!I52 -> 0 | J52: =TT!J52 -> 0 | K52: =TT!K52 -> 0 | ... BC52: =TT!BC52 -> 0
B53: 3 | C53: 11:30am to 12:30pm | D53: =TT!D53 -> PHY | E53: =TT!E53 -> 0 | F53: =TT!F53 -> KGB | G53: =TT!G53 -> 509 | H53: =TT!H53 -> PYTHON-I | I53: =TT!I53 -> 0 | J53: =TT!J53 -> MDP | K53: =TT!K53 -> 506-D | ... BC53: =TT!BC53 -> 0
D54: =TT!D54 -> 0 | E54: =TT!E54 -> 0 | F54: =TT!F54 -> 0 | G54: =TT!G54 -> 0 | H54: =TT!H54 -> 0 | I54: =TT!I54 -> 0 | J54: =TT!J54 -> 0 | K54: =TT!K54 -> 0 | ... BC54: =TT!BC54 -> 0
B55: 4 | C55: 12:30pm to 1:30pm | D55: =TT!D55 -> PHY | E55: =TT!E55 -> 0 | F55: =TT!F55 -> KGB | G55: =TT!G55 -> 509 | H55: =TT!H55 -> PYTHON-I | I55: =TT!I55 -> 0 | J55: =TT!J55 -> MDP | K55: =TT!K55 -> 506-D | ... BC55: =TT!BC55 -> 0
D56: =TT!D56 -> 0 | E56: =TT!E56 -> 0 | F56: =TT!F56 -> 0 | G56: =TT!G56 -> 0 | H56: =TT!H56 -> 0 | I56: =TT!I56 -> 0 | J56: =TT!J56 -> 0 | K56: =TT!K56 -> 0 | ... BC56: =TT!BC56 -> 0
B57: 5 | C57: 1:30pm to 2:30pm | D57: =TT!D57 -> 0 | E57: =TT!E57 -> 0 | F57: =TT!F57 -> 0 | G57: =TT!G57 -> 0 | H57: =TT!H57 -> 0 | I57: =TT!I57 -> 0 | J57: =TT!J57 -> 0 | K57: =TT!K57 -> 0 | ... BC57: =TT!BC57 -> 0
D58: =TT!D58 -> 0 | E58: =TT!E58 -> 0 | F58: =TT!F58 -> 0 | G58: =TT!G58 -> 0 | H58: =TT!H58 -> 0 | I58: =TT!I58 -> 0 | J58: =TT!J58 -> 0 | K58: =TT!K58 -> 0 | ... BC58: =TT!BC58 -> 0
D59: =TT!D59 -> 0 | E59: =TT!E59 -> 0 | F59: =TT!F59 -> 0 | G59: =TT!G59 -> 0 | H59: =TT!H59 -> 0 | I59: =TT!I59 -> 0 | J59: =TT!J59 -> 0 | K59: =TT!K59 -> 0 | ... BC59: =TT!BC59 -> 0
A60: FRI | B60: 1 | C60: 8:45am to 9:45am | D60: =TT!D60 -> PHY | E60: =TT!E60 -> 0 | F60: =TT!F60 -> KGB | G60: =TT!G60 -> 511 | H60: =TT!H60 -> MATHS-I | I60: =TT!I60 -> 0 | J60: =TT!J60 -> PDB | K60: =TT!K60 -> 501 | ... BC60: =TT!BC60 -> 0
D61: =TT!D61 -> 0 | E61: =TT!E61 -> 0 | F61: =TT!F61 -> 0 | G61: =TT!G61 -> 0 | H61: =TT!H61 -> 0 | I61: =TT!I61 -> 0 | J61: =TT!J61 -> 0 | K61: =TT!K61 -> 0 | ... BC61: =TT!BC61 -> 0
B62: 2 | C62: 9:45 am to 10:45 am | D62: =TT!D62 -> PHY | E62: =TT!E62 -> 0 | F62: =TT!F62 -> KGB | G62: =TT!G62 -> 511 | H62: =TT!H62 -> MATHS-I | I62: =TT!I62 -> 0 | J62: =TT!J62 -> PDB | K62: =TT!K62 -> 501 | ... BC62: =TT!BC62 -> 0
D63: =TT!D63 -> 0 | E63: =TT!E63 -> 0 | F63: =TT!F63 -> 0 | G63: =TT!G63 -> 0 | H63: =TT!H63 -> 0 | I63: =TT!I63 -> 0 | J63: =TT!J63 -> 0 | K63: =TT!K63 -> 0 | ... BC63: =TT!BC63 -> 0
B64: BREAK | C64: 10:45 am to 11:30 am | D64: =TT!D64 -> 0 | E64: =TT!E64 -> 0 | F64: =TT!F64 -> 0 | G64: =TT!G64 -> 0 | H64: =TT!H64 -> 0 | I64: =TT!I64 -> 0 | J64: =TT!J64 -> 0 | K64: =TT!K64 -> 0 | ... BC64: =TT!BC64 -> 0
D65: =TT!D65 -> 0 | E65: =TT!E65 -> 0 | F65: =TT!F65 -> 0 | G65: =TT!G65 -> 0 | H65: =TT!H65 -> 0 | I65: =TT!I65 -> 0 | J65: =TT!J65 -> 0 | K65: =TT!K65 -> 0 | ... BC65: =TT!BC65 -> 0
B66: 3 | C66: 11:30am to 12:30pm | D66: =TT!D66 -> SE | E66: =TT!E66 -> 0 | F66: =TT!F66 -> IRS | G66: =TT!G66 -> 511 | H66: =TT!H66 -> PYTHON-I | I66: =TT!I66 -> 0 | J66: =TT!J66 -> MDP | K66: =TT!K66 -> 506-D | ... BC66: =TT!BC66 -> 0
D67: =TT!D67 -> 0 | E67: =TT!E67 -> 0 | F67: =TT!F67 -> 0 | G67: =TT!G67 -> 0 | H67: =TT!H67 -> 0 | I67: =TT!I67 -> 0 | J67: =TT!J67 -> 0 | K67: =TT!K67 -> 0 | ... BC67: =TT!BC67 -> 0
B68: 4 | C68: 12:30pm to 1:30pm | D68: =TT!D68 -> SE | E68: =TT!E68 -> 0 | F68: =TT!F68 -> IRS | G68: =TT!G68 -> 511 | H68: =TT!H68 -> PYTHON-I | I68: =TT!I68 -> 0 | J68: =TT!J68 -> MDP | K68: =TT!K68 -> 506-D | ... BC68: =TT!BC68 -> 0
D69: =TT!D69 -> 0 | E69: =TT!E69 -> 0 | F69: =TT!F69 -> 0 | G69: =TT!G69 -> 0 | H69: =TT!H69 -> 0 | I69: =TT!I69 -> 0 | J69: =TT!J69 -> 0 | K69: =TT!K69 -> 0 | ... BC69: =TT!BC69 -> 0
B70: 5 | C70: 1:30pm to 2:30pm | D70: =TT!D70 -> 0 | E70: =TT!E70 -> 0 | F70: =TT!F70 -> 0 | G70: =TT!G70 -> 0 | H70: =TT!H70 -> 0 | I70: =TT!I70 -> 0 | J70: =TT!J70 -> 0 | K70: =TT!K70 -> 0 | ... BC70: =TT!BC70 -> 0
D71: =TT!D71 -> 0 | E71: =TT!E71 -> 0 | F71: =TT!F71 -> 0 | G71: =TT!G71 -> 0 | H71: =TT!H71 -> 0 | I71: =TT!I71 -> 0 | J71: =TT!J71 -> 0 | K71: =TT!K71 -> 0 | ... BC71: =TT!BC71 -> 0
D72: =TT!D72 -> 0 | E72: =TT!E72 -> 0 | F72: =TT!F72 -> 0 | G72: =TT!G72 -> 0 | H72: =TT!H72 -> 0 | I72: =TT!I72 -> 0 | J72: =TT!J72 -> 0 | K72: =TT!K72 -> 0 | ... BC72: =TT!BC72 -> 0
A73: SAT | B73: 1 | C73: 8:45am to 9:45am | D73: =TT!D73 -> PYTHON-I | E73: =TT!E73 -> 0 | F73: =TT!F73 -> HDS | G73: =TT!G73 -> 506-A | H73: =TT!H73 -> PYTHON-I | I73: =TT!I73 -> 0 | J73: =TT!J73 -> MDP | K73: =TT!K73 -> 506-D | ... BC73: =TT!BC73 -> 0
D74: =TT!D74 -> 0 | E74: =TT!E74 -> 0 | F74: =TT!F74 -> 0 | G74: =TT!G74 -> 0 | H74: =TT!H74 -> 0 | I74: =TT!I74 -> 0 | J74: =TT!J74 -> 0 | K74: =TT!K74 -> 0 | ... BC74: =TT!BC74 -> 0
B75: 2 | C75: 9:45 am to 10:45 am | D75: =TT!D75 -> PYTHON-I | E75: =TT!E75 -> 0 | F75: =TT!F75 -> HDS | G75: =TT!G75 -> 506-A | H75: =TT!H75 -> PYTHON-I | I75: =TT!I75 -> 0 | J75: =TT!J75 -> MDP | K75: =TT!K75 -> 506-D | ... BC75: =TT!BC75 -> 0
D76: =TT!D76 -> 0 | E76: =TT!E76 -> 0 | F76: =TT!F76 -> 0 | G76: =TT!G76 -> 0 | H76: =TT!H76 -> 0 | I76: =TT!I76 -> 0 | J76: =TT!J76 -> 0 | K76: =TT!K76 -> 0 | ... BC76: =TT!BC76 -> 0
B77: BREAK | C77: 10:45 am to 11:30 am | D77: =TT!D77 -> 0 | E77: =TT!E77 -> 0 | F77: =TT!F77 -> 0 | G77: =TT!G77 -> 0 | H77: =TT!H77 -> 0 | I77: =TT!I77 -> 0 | J77: =TT!J77 -> 0 | K77: =TT!K77 -> 0 | ... BC77: =TT!BC77 -> 0
D78: =TT!D78 -> 0 | E78: =TT!E78 -> 0 | F78: =TT!F78 -> 0 | G78: =TT!G78 -> 0 | H78: =TT!H78 -> 0 | I78: =TT!I78 -> 0 | J78: =TT!J78 -> 0 | K78: =TT!K78 -> 0 | ... BC78: =TT!BC78 -> 0
B79: 3 | C79: 11:30am to 12:30pm | D79: =TT!D79 -> MATHS-I | E79: =TT!E79 -> 0 | F79: =TT!F79 -> AMS | G79: =TT!G79 -> 502 | H79: =TT!H79 -> MATHS-I | I79: =TT!I79 -> 0 | J79: =TT!J79 -> PDB | K79: =TT!K79 -> 506-A | ... BC79: =TT!BC79 -> 0
D80: =TT!D80 -> 0 | E80: =TT!E80 -> 0 | F80: =TT!F80 -> 0 | G80: =TT!G80 -> 0 | H80: =TT!H80 -> 0 | I80: =TT!I80 -> 0 | J80: =TT!J80 -> 0 | K80: =TT!K80 -> 0 | ... BC80: =TT!BC80 -> 0
B81: 4 | C81: 12:30pm to 1:30pm | D81: =TT!D81 -> MATHS-I | E81: =TT!E81 -> 0 | F81: =TT!F81 -> AMS | G81: =TT!G81 -> 502 | H81: =TT!H81 -> MATHS-I | I81: =TT!I81 -> 0 | J81: =TT!J81 -> PDB | K81: =TT!K81 -> 506-A | ... BC81: =TT!BC81 -> 0
D82: =TT!D82 -> 0 | E82: =TT!E82 -> 0 | F82: =TT!F82 -> 0 | G82: =TT!G82 -> 0 | H82: =TT!H82 -> 0 | I82: =TT!I82 -> 0 | J82: =TT!J82 -> 0 | K82: =TT!K82 -> 0 | ... BC82: =TT!BC82 -> 0
B83: 5 | C83: 1:30pm to 2:30pm | D83: =TT!D83 -> 0 | E83: =TT!E83 -> 0 | F83: =TT!F83 -> 0 | G83: =TT!G83 -> 0 | H83: =TT!H83 -> 0 | I83: =TT!I83 -> 0 | J83: =TT!J83 -> 0 | K83: =TT!K83 -> 0 | ... BC83: =TT!BC83 -> 0
D84: =TT!D84 -> 0 | E84: =TT!E84 -> 0 | F84: =TT!F84 -> 0 | G84: =TT!G84 -> 0 | H84: =TT!H84 -> 0 | I84: =TT!I84 -> A2 | J84: =TT!J84 -> 0 | K84: =TT!K84 -> 0 | ... BC84: =TT!BC84 -> 0
D85: Prepared by Mr. Hardik Shah & Ms. DAS | AB85: HOD- FY3(CSE/CST) Mr. PMP

Sheet TT
A1: L J Institute of Engineering and Technology
A2: FY1 SEM I BATCH 2026 (CE/AIML)
A3: Class Time Table Effective From 31 August 2026
C4: BRANCH
B5: V 1.0 | C5: DIVISION | D5: D-1 | H5: D-2 | L5: D-3 | P5: D-4 | T5: D-5 | X5: D-6 | AB5: D-7 | AF5: D-8 | AJ5: D-9 | AR5: V 1.0 | AV5: DIVISION
D6: C1 | AV6: BATCH-12 | AZ6: BATCH-13
A7: DAY | B7: LECTURE NO | C7: TIME | D7: Subject | E7: Batch | F7: Faculty | G7: Room No | H7: Subject | I7: Batch | J7: Faculty | K7: Room No | L7: Subject | M7: Batch | N7: Faculty | O7: Room No | P7: Subject | Q7: Batch | R7: Faculty | S7: Room No | T7: Subject | U7: Batch | V7: Faculty | W7: Room No | X7: Subject | Y7: Batch | Z7: Faculty | AA7: Room No | AB7: Subject | AC7: Batch | AD7: Faculty | AE7: Room No | AF7: Subject | AG7: Batch | AH7: Faculty | AI7: Room No | AJ7: Subject | AK7: Batch | AL7: Faculty | AM7: Room No | AN7: Subject | AO7: Batch | AP7: Faculty | AQ7: Room No | AR7: Subject | AS7: Batch | AT7: Faculty | AU7: LECTURE NO | AV7: TIME | AW7: DAY
A8: MON | B8: 1 | C8: 8:45am to 9:45am | D8: ES | F8: NND | G8: 501 | H8: ES | J8: NND | K8: 501 | L8: PYTHON-I | N8: JPM | O8: 506-B | P8: PYTHON-I | R8: HDS | S8: 506-C | T8: MATHS-I | V8: AMS | W8: 502 | X8: PYTHON-I | Z8: MDP | AA8: 506-D | AB8: SE | AD8: IRS | AE8: 506-A | AU8: 1 | AV8: 8:45am to 9:45am | AW8: MON
B10: 2 | C10: 9:45 am to 10:45 am | D10: MATHS-I | F10: AMS | G10: 501 | H10: PHY | J10: PYR | K10: 509 | L10: PYTHON-I | N10: JPM | O10: 506-B | P10: PYTHON-I | R10: HDS | S10: 506-C | T10: SE | V10: IRS | W10: 502 | X10: PYTHON-I | Z10: MDP | AA10: 506-D | AB10: PHY | AD10: KGB | AE10: 511 | AU10: 2 | AV10: 9:45 am to 10:45 am
B12: BREAK | C12: 10:45 am to 11:30 am | AU12: BREAK | AV12: 10:45 am to 11:30 am
B14: 3 | C14: 11:30am to 12:30pm | D14: SE | F14: IRS | G14: 506-A | H14: PYTHON-I | J14: MDP | K14: 506-D | L14: PHY | N14: KGB | O14: 502 | P14: MATHS-I | R14: PDB | S14: 501 | T14: PYTHON-I | V14: VVP | W14: 506-C | X14: PHY | Z14: PYR | AA14: 509 | AB14: MATHS-I | AD14: AMS | AE14: 511 | AU14: 3 | AV14: 11:30am to 12:30pm
B16: 4 | C16: 12:30pm to 1:30pm | D16: PHY | F16: KGB | G16: 506-A | H16: PYTHON-I | J16: MDP | K16: 506-D | L16: SE | N16: IRS | O16: 502 | P16: MATHS-I | R16: PDB | S16: 501 | T16: PYTHON-I | V16: VVP | W16: 506-C | X16: PHY | Z16: PYR | AA16: 509 | AB16: MATHS-I | AD16: AMS | AE16: 511 | AU16: 4 | AV16: 12:30pm to 1:30pm
B18: 5 | C18: 1:30pm to 2:30pm | AU18: 5 | AV18: 1:30pm to 2:30pm
A21: TUE | B21: 1 | C21: =$C$8 -> 8:45am to 9:45am | D21: PYTHON-I | F21: HDS | G21: 506-A | H21: PHY | J21: PYR | K21: 509 | L21: PYTHON-I | N21: JPM | O21: 506-B | P21: MATHS-I | R21: PDB | S21: 502 | T21: PHY | V21: KGB | W21: 511 | X21: ES | Z21: NND | AA21: 501 | AB21: ES | AD21: NND | AE21: 501 | AU21: 1 | AV21: =$C$8 -> 8:45am to 9:45am | AW21: TUE
B23: 2 | C23: =$C$10 -> 9:45 am to 10:45 am | D23: PYTHON-I | F23: HDS | G23: 506-A | H23: PHY | J23: PYR | K23: 509 | L23: PYTHON-I | N23: JPM | O23: 506-B | P23: MATHS-I | R23: PDB | S23: 502 | T23: PHY | V23: KGB | W23: 511 | X23: SE | Z23: IRS | AA23: 506-D | AB23: MATHS-I | AD23: AMS | AE23: 501 | AU23: 2 | AV23: =$C$10 -> 9:45 am to 10:45 am
B25: BREAK | C25: =$C$12 -> 10:45 am to 11:30 am | AU25: BREAK | AV25: =$C$12 -> 10:45 am to 11:30 am
B27: 3 | C27: =$C$14 -> 11:30am to 12:30pm | D27: MATHS-I | F27: AMS | G27: 501 | H27: MATHS-I | J27: PDB | K27: 502 | L27: PHY | N27: KGB | O27: 509 | P27: PYTHON-I | R27: HDS | S27: 506-C | T27: SE | V27: IRS | W27: 506-A | X27: PYTHON-I | Z27: MDP | AA27: 506-D | AB27: PYTHON-I | AD27: JPM | AE27: 506-B | AU27: 3 | AV27: =$C$14 -> 11:30am to 12:30pm
B29: 4 | C29: =$C$16 -> 12:30pm to 1:30pm | D29: MATHS-I | F29: AMS | G29: 501 | H29: MATHS-I | J29: PDB | K29: 502 | L29: PHY | N29: KGB | O29: 509 | P29: PYTHON-I | R29: HDS | S29: 506-C | T29: SE | V29: IRS | W29: 506-A | X29: PYTHON-I | Z29: MDP | AA29: 506-D | AB29: PYTHON-I | AD29: JPM | AE29: 506-B | AU29: 4 | AV29: =$C$16 -> 12:30pm to 1:30pm
B31: 5 | C31: =$C$18 -> 1:30pm to 2:30pm | AU31: 5 | AV31: =$C$18 -> 1:30pm to 2:30pm
A34: WED | B34: 1 | C34: =$C$8 -> 8:45am to 9:45am | D34: MATHS-I | F34: AMS | G34: 501 | H34: SE | J34: IRS | K34: 502 | L34: PHY | N34: KGB | O34: 509 | P34: PHY | R34: PYR | S34: 506-D | T34: PYTHON-I | V34: VVP | W34: 506-C | X34: MATHS-I | Z34: PDB | AA34: 511 | AB34: PYTHON-I | AD34: JPM | AE34: 506-B | AU34: 1 | AV34: =$C$8 -> 8:45am to 9:45am | AW34: WED
B36: 2 | C36: =$C$10 -> 9:45 am to 10:45 am | D36: MATHS-I | F36: AMS | G36: 501 | H36: MATHS-I | J36: PDB | K36: 502 | L36: PHY | N36: KGB | O36: 509 | P36: SE | R36: IRS | S36: 506-D | T36: PYTHON-I | V36: VVP | W36: 506-C | X36: PHY | Z36: PYR | AA36: 511 | AB36: PYTHON-I | AD36: JPM | AE36: 506-B | AU36: 2 | AV36: =$C$10 -> 9:45 am to 10:45 am
B38: BREAK | C38: =$C$12 -> 10:45 am to 11:30 am | AU38: BREAK | AV38: =$C$12 -> 10:45 am to 11:30 am
B40: 3 | C40: =$C$14 -> 11:30am to 12:30pm | D40: PYTHON-I | F40: HDS | G40: 506-A | H40: PHY | J40: PYR | K40: 509 | L40: MATHS-I | N40: JVA | O40: 506-B | P40: MATHS-I | R40: PDB | S40: 502 | T40: MATHS-I | V40: AMS | W40: 511 | X40: PYTHON-I | Z40: MDP | AA40: 506-D | AB40: PHY | AD40: KGB | AE40: 501 | AU40: 3 | AV40: =$C$14 -> 11:30am to 12:30pm
B42: 4 | C42: =$C$16 -> 12:30pm to 1:30pm | D42: PYTHON-I | F42: HDS | G42: 506-A | H42: PHY | J42: PYR | K42: 509 | L42: MATHS-I | N42: JVA | O42: 506-B | P42: MATHS-I | R42: PDB | S42: 502 | T42: MATHS-I | V42: AMS | W42: 511 | X42: PYTHON-I | Z42: MDP | AA42: 506-D | AB42: PHY | AD42: KGB | AE42: 501 | AU42: 4 | AV42: =$C$16 -> 12:30pm to 1:30pm
B44: 5 | C44: =$C$18 -> 1:30pm to 2:30pm | AU44: 5 | AV44: =$C$18 -> 1:30pm to 2:30pm
A47: THU | B47: 1 | C47: =$C$8 -> 8:45am to 9:45am | D47: PYTHON-I | F47: HDS | G47: 506-A | H47: SE | J47: IRS | K47: 506-D | L47: MATHS-I | N47: JVA | O47: 506-C | P47: MATHS-I | R47: PDB | S47: 501 | T47: PHY | V47: KGB | W47: 509 | X47: PHY | Z47: PYR | AA47: 502 | AB47: MATHS-I | AD47: AMS | AE47: 511 | AU47: 1 | AV47: =$C$8 -> 8:45am to 9:45am | AW47: THU
B49: 2 | C49: =$C$10 -> 9:45 am to 10:45 am | D49: PYTHON-I | F49: HDS | G49: 506-A | H49: SE | J49: IRS | K49: 506-D | L49: ES | N49: NND | O49: 501 | P49: ES | R49: NND | S49: 501 | T49: PHY | V49: KGB | W49: 509 | X49: PHY | Z49: PYR | AA49: 502 | AB49: MATHS-I | AD49: AMS | AE49: 511 | AU49: 2 | AV49: =$C$10 -> 9:45 am to 10:45 am
B51: BREAK | C51: =$C$12 -> 10:45 am to 11:30 am | AU51: BREAK | AV51: =$C$12 -> 10:45 am to 11:30 am
B53: 3 | C53: =$C$14 -> 11:30am to 12:30pm | D53: PHY | F53: KGB | G53: 509 | H53: PYTHON-I | J53: MDP | K53: 506-D | L53: SE | N53: IRS | O53: 506-A | P53: PYTHON-I | R53: HDS | S53: 506-C | T53: MATHS-I | V53: AMS | W53: 501 | X53: MATHS-I | Z53: PDB | AA53: 502 | AB53: PYTHON-I | AD53: JPM | AE53: 506-B | AU53: 3 | AV53: =$C$14 -> 11:30am to 12:30pm
B55: 4 | C55: =$C$16 -> 12:30pm to 1:30pm | D55: PHY | F55: KGB | G55: 509 | H55: PYTHON-I | J55: MDP | K55: 506-D | L55: SE | N55: IRS | O55: 506-A | P55: PYTHON-I | R55: HDS | S55: 506-C | T55: MATHS-I | V55: AMS | W55: 501 | X55: MATHS-I | Z55: PDB | AA55: 502 | AB55: PYTHON-I | AD55: JPM | AE55: 506-B | AU55: 4 | AV55: =$C$16 -> 12:30pm to 1:30pm
B57: 5 | C57: =$C$18 -> 1:30pm to 2:30pm | AU57: 5 | AV57: =$C$18 -> 1:30pm to 2:30pm
A60: FRI | B60: 1 | C60: =$C$8 -> 8:45am to 9:45am | D60: PHY | F60: KGB | G60: 511 | H60: MATHS-I | J60: PDB | K60: 501 | L60: MATHS-I | N60: JVA | O60: 502 | P60: PHY | R60: PYR | S60: 509 | T60: MATHS-I | V60: AMS | W60: 506-A | X60: PYTHON-I | Z60: MDP | AA60: 506-D | AB60: SE | AD60: IRS | AE60: 506-B | AU60: 1 | AV60: =$C$8 -> 8:45am to 9:45am | AW60: FRI
B62: 2 | C62: =$C$10 -> 9:45 am to 10:45 am | D62: PHY | F62: KGB | G62: 511 | H62: MATHS-I | J62: PDB | K62: 501 | L62: MATHS-I | N62: JVA | O62: 502 | P62: PHY | R62: PYR | S62: 509 | T62: MATHS-I | V62: AMS | W62: 506-A | X62: PYTHON-I | Z62: MDP | AA62: 506-D | AB62: SE | AD62: IRS | AE62: 506-B | AU62: 2 | AV62: =$C$10 -> 9:45 am to 10:45 am
B64: BREAK | C64: =$C$12 -> 10:45 am to 11:30 am | AU64: BREAK | AV64: =$C$12 -> 10:45 am to 11:30 am
B66: 3 | C66: =$C$14 -> 11:30am to 12:30pm | D66: SE | F66: IRS | G66: 511 | H66: PYTHON-I | J66: MDP | K66: 506-D | L66: PYTHON-I | N66: JPM | O66: 506-B | P66: PYTHON-I | R66: HDS | S66: 506-C | T66: PYTHON-I | V66: VVP | W66: 506-A | X66: MATHS-I | Z66: PDB | AA66: 501 | AB66: MATHS-I | AD66: AMS | AE66: 502 | AU66: 3 | AV66: =$C$14 -> 11:30am to 12:30pm
B68: 4 | C68: =$C$16 -> 12:30pm to 1:30pm | D68: SE | F68: IRS | G68: 511 | H68: PYTHON-I | J68: MDP | K68: 506-D | L68: PYTHON-I | N68: JPM | O68: 506-B | P68: PYTHON-I | R68: HDS | S68: 506-C | T68: PYTHON-I | V68: VVP | W68: 506-A | X68: MATHS-I | Z68: PDB | AA68: 501 | AB68: MATHS-I | AD68: AMS | AE68: 502 | AU68: 4 | AV68: =$C$16 -> 12:30pm to 1:30pm
B70: 5 | C70: =$C$18 -> 1:30pm to 2:30pm | AU70: 5 | AV70: =$C$18 -> 1:30pm to 2:30pm
A73: SAT | B73: 1 | C73: =$C$8 -> 8:45am to 9:45am | D73: PYTHON-I | F73: HDS | G73: 506-A | H73: PYTHON-I | J73: MDP | K73: 506-D | L73: PYTHON-I | N73: JPM | O73: 506-B | P73: SE | R73: IRS | S73: 502 | T73: PYTHON-I | V73: VVP | W73: 506-C | X73: MATHS-I | Z73: PDB | AA73: 501 | AB73: PHY | AD73: KGB | AE73: 509 | AU73: 1 | AV73: =$C$8 -> 8:45am to 9:45am | AW73: SAT
B75: 2 | C75: =$C$10 -> 9:45 am to 10:45 am | D75: PYTHON-I | F75: HDS | G75: 506-A | H75: PYTHON-I | J75: MDP | K75: 506-D | L75: PYTHON-I | N75: JPM | O75: 506-B | P75: SE | R75: IRS | S75: 502 | T75: PYTHON-I | V75: VVP | W75: 506-C | X75: MATHS-I | Z75: PDB | AA75: 501 | AB75: PHY | AD75: KGB | AE75: 509 | AU75: 2 | AV75: =$C$10 -> 9:45 am to 10:45 am
B77: BREAK | C77: =$C$12 -> 10:45 am to 11:30 am | AU77: BREAK | AV77: =$C$12 -> 10:45 am to 11:30 am
B79: 3 | C79: =$C$14 -> 11:30am to 12:30pm | D79: MATHS-I | F79: AMS | G79: 502 | H79: MATHS-I | J79: PDB | K79: 506-A | L79: MATHS-I | N79: JVA | O79: 511 | P79: PHY | R79: PYR | S79: 509 | T79: ES | V79: NND | W79: 501 | X79: SE | Z79: IRS | AA79: 506-D | AB79: PYTHON-I | AD79: JPM | AE79: 506-B | AU79: 3 | AV79: =$C$14 -> 11:30am to 12:30pm
B81: 4 | C81: =$C$16 -> 12:30pm to 1:30pm | D81: MATHS-I | F81: AMS | G81: 502 | H81: MATHS-I | J81: PDB | K81: 506-A | L81: MATHS-I | N81: JVA | O81: 511 | P81: PHY | R81: PYR | S81: 509 | T81: PHY | V81: KGB | W81: 501 | X81: SE | Z81: IRS | AA81: 506-D | AB81: PYTHON-I | AD81: JPM | AE81: 506-B | AU81: 4 | AV81: =$C$16 -> 12:30pm to 1:30pm
B83: 5 | C83: =$C$18 -> 1:30pm to 2:30pm | AU83: 5 | AV83: =$C$18 -> 1:30pm to 2:30pm
I84: A2
A85: Prepared by Ms. Jhanvi Patel & Mr. Divyang Patel | T85: HOD- FY1 Dr. Zalak Bhavsar
A87: =SUM(D87:BC87) -> 168 | F87: =COUNTA(F8:F84) -> 24 | J87: =COUNTA(J8:J84) -> 24 | N87: =COUNTA(N8:N84) -> 24 | R87: =COUNTA(R8:R84) -> 24 | V87: =COUNTA(V8:V84) -> 24 | Z87: =COUNTA(Z8:Z84) -> 24 | AD87: =COUNTA(AD8:AD84) -> 24 | AH87: =COUNTA(AH8:AH84) -> 0 | AL87: =COUNTA(AL8:AL84) -> 0 | AP87: =COUNTA(AP8:AP84) -> 0 | AS87: =COUNTA(AS8:AS84) -> 0 | AT87: =COUNTA(AT8:AT84) -> 0 | AW87: =SUM(AZ87:CY87) -> 0 | AX87: =COUNTA(AX8:AX84) -> 0 | BA87: =COUNTA(BA8:BA84) -> 0 | BB87: =COUNTA(BB8:BB84) -> 0
A88: =SUM(D88:BN88) -> 48 | B88: MATHS-II | C88: 6 | D88: =COUNTIF(D$8:D$84,$B88) -> 0 | E88: =COUNTIF(E$8:E$84,$B88) -> 0 | F88: =EXACT(G88,D88) -> FALSE | G88: 5 | H88: =COUNTIF(H$8:H$84,$B88) -> 0 | I88: =COUNTIF(I$8:I$84,$B88) -> 0 | J88: =EXACT(K88,H88) -> FALSE | K88: 5 | L88: =COUNTIF(L$8:L$84,$B88) -> 0 | M88: =COUNTIF(M$8:M$84,$B88) -> 0 | N88: =EXACT(O88,L88) -> FALSE | O88: 5 | P88: =COUNTIF(P$8:P$84,$B88) -> 0 | Q88: =COUNTIF(Q$8:Q$84,$B88) -> 0 | R88: =EXACT(S88,P88) -> FALSE | S88: 5 | T88: =COUNTIF(T$8:T$84,$B88) -> 0 | U88: =COUNTIF(U$8:U$84,$B88) -> 0 | V88: =EXACT(W88,T88) -> FALSE | W88: 5 | X88: =COUNTIF(X$8:X$84,$B88) -> 0 | Y88: =COUNTIF(Y$8:Y$84,$B88) -> 0 | Z88: =EXACT(AA88,X88) -> FALSE | AA88: 5 | AB88: =COUNTIF(AB$8:AB$84,$B88) -> 0 | AC88: =COUNTIF(AC$8:AC$84,$B88) -> 0 | AD88: =EXACT($C88,AB88) -> FALSE | AE88: MATHS-II | AF88: =COUNTIF(AF$8:AF$84,$B88) -> 0 | AG88: =COUNTIF(AG$8:AG$84,$B88) -> 0 | AH88: =EXACT($C88,AF88) -> FALSE | AI88: MATHS-II | AJ88: =COUNTIF(AJ$8:AJ$84,$B88) -> 0 | AK88: =COUNTIF(AK$8:AK$84,$B88) -> 0 | AL88: =EXACT($C88,AJ88) -> FALSE | AM88: MATHS-II | AN88: =COUNTIF(AN$8:AN$84,$B88) -> 0 | AO88: =COUNTIF(AO$8:AO$84,$B88) -> 0 | AP88: =EXACT($C88,AN88) -> FALSE | AQ88: MATHS-II | AR88: =COUNTIF(AR$8:AR$84,$B88) -> 0 | AS88: =COUNTIF(AS$8:AS$84,$B88) -> 0 | AT88: =EXACT($C88,AR88) -> FALSE | AU88: MATHS-II | AV88: 6 | AW88: =SUM(AZ88:DJ88) -> 6 | AX88: =EXACT($C88,AV88) -> TRUE | AZ88: =COUNTIF(AZ$8:AZ$84,$B88) -> 0 | BA88: =COUNTIF(BA$8:BA$84,$B88) -> 0 | BB88: =EXACT($C88,AZ88) -> FALSE | BD88: 6
A89: =SUM(D89:BN89) -> 15 | B89: DBMS | C89: 5 | D89: =COUNTIF(D$8:D$84,$B89) -> 0 | E89: =COUNTIF(E$8:E$84,$B89) -> 0 | F89: =EXACT($C89,D89) -> FALSE | G89: DBMS | H89: =COUNTIF(H$8:H$84,$B89) -> 0 | I89: =COUNTIF(I$8:I$84,$B89) -> 0 | J89: =EXACT($C89,H89) -> FALSE | K89: DBMS | L89: =COUNTIF(L$8:L$84,$B89) -> 0 | M89: =COUNTIF(M$8:M$84,$B89) -> 0 | N89: =EXACT($C89,L89) -> FALSE | O89: DBMS | P89: =COUNTIF(P$8:P$84,$B89) -> 0 | Q89: =COUNTIF(Q$8:Q$84,$B89) -> 0 | R89: =EXACT($C89,P89) -> FALSE | S89: DBMS | T89: =COUNTIF(T$8:T$84,$B89) -> 0 | U89: =COUNTIF(U$8:U$84,$B89) -> 0 | V89: =EXACT($C89,T89) -> FALSE | W89: DBMS | X89: =COUNTIF(X$8:X$84,$B89) -> 0 | Y89: =COUNTIF(Y$8:Y$84,$B89) -> 0 | Z89: =EXACT($C89,X89) -> FALSE | AA89: DBMS | AB89: =COUNTIF(AB$8:AB$84,$B89) -> 0 | AC89: =COUNTIF(AC$8:AC$84,$B89) -> 0 | AD89: =EXACT($C89,AB89) -> FALSE | AE89: DBMS | AF89: =COUNTIF(AF$8:AF$84,$B89) -> 0 | AG89: =COUNTIF(AG$8:AG$84,$B89) -> 0 | AH89: =EXACT($C89,AF89) -> FALSE | AI89: DBMS | AJ89: =COUNTIF(AJ$8:AJ$84,$B89) -> 0 | AK89: =COUNTIF(AK$8:AK$84,$B89) -> 0 | AL89: =EXACT($C89,AJ89) -> FALSE | AM89: DBMS | AN89: =COUNTIF(AN$8:AN$84,$B89) -> 0 | AO89: =COUNTIF(AO$8:AO$84,$B89) -> 0 | AP89: =EXACT($C89,AN89) -> FALSE | AQ89: DBMS | AR89: =COUNTIF(AR$8:AR$84,$B89) -> 0 | AS89: =COUNTIF(AS$8:AS$84,$B89) -> 0 | AT89: =EXACT($C89,AR89) -> FALSE | AU89: DBMS | AV89: 5 | AW89: =SUM(AZ89:DJ89) -> 5 | AX89: =EXACT($C89,AV89) -> TRUE | AZ89: =COUNTIF(AZ$8:AZ$84,$B89) -> 0 | BA89: =COUNTIF(BA$8:BA$84,$B89) -> 0 | BB89: =EXACT($C89,AZ89) -> FALSE | BD89: 5
A90: =SUM(D90:BN90) -> 15 | B90: DS | C90: 5 | D90: =COUNTIF(D$8:D$84,$B90) -> 0 | E90: =COUNTIF(E$8:E$84,$B90) -> 0 | F90: =EXACT($C90,D90) -> FALSE | G90: DS | H90: =COUNTIF(H$8:H$84,$B90) -> 0 | I90: =COUNTIF(I$8:I$84,$B90) -> 0 | J90: =EXACT($C90,H90) -> FALSE | K90: DS | L90: =COUNTIF(L$8:L$84,$B90) -> 0 | M90: =COUNTIF(M$8:M$84,$B90) -> 0 | N90: =EXACT($C90,L90) -> FALSE | O90: DS | P90: =COUNTIF(P$8:P$84,$B90) -> 0 | Q90: =COUNTIF(Q$8:Q$84,$B90) -> 0 | R90: =EXACT($C90,P90) -> FALSE | S90: DS | T90: =COUNTIF(T$8:T$84,$B90) -> 0 | U90: =COUNTIF(U$8:U$84,$B90) -> 0 | V90: =EXACT($C90,T90) -> FALSE | W90: DS | X90: =COUNTIF(X$8:X$84,$B90) -> 0 | Y90: =COUNTIF(Y$8:Y$84,$B90) -> 0 | Z90: =EXACT($C90,X90) -> FALSE | AA90: DS | AB90: =COUNTIF(AB$8:AB$84,$B90) -> 0 | AC90: =COUNTIF(AC$8:AC$84,$B90) -> 0 | AD90: =EXACT($C90,AB90) -> FALSE | AE90: DS | AF90: =COUNTIF(AF$8:AF$84,$B90) -> 0 | AG90: =COUNTIF(AG$8:AG$84,$B90) -> 0 | AH90: =EXACT($C90,AF90) -> FALSE | AI90: DS | AJ90: =COUNTIF(AJ$8:AJ$84,$B90) -> 0 | AK90: =COUNTIF(AK$8:AK$84,$B90) -> 0 | AL90: =EXACT($C90,AJ90) -> FALSE | AM90: DS | AN90: =COUNTIF(AN$8:AN$84,$B90) -> 0 | AO90: =COUNTIF(AO$8:AO$84,$B90) -> 0 | AP90: =EXACT($C90,AN90) -> FALSE | AQ90: DS | AR90: =COUNTIF(AR$8:AR$84,$B90) -> 0 | AS90: =COUNTIF(AS$8:AS$84,$B90) -> 0 | AT90: =EXACT($C90,AR90) -> FALSE | AU90: DS | AV90: 5 | AW90: =SUM(AZ90:DJ90) -> 5 | AX90: =EXACT($C90,AV90) -> TRUE | AZ90: =COUNTIF(AZ$8:AZ$84,$B90) -> 0 | BA90: =COUNTIF(BA$8:BA$84,$B90) -> 0 | BB90: =EXACT($C90,AZ90) -> FALSE | BD90: 5
A91: =SUM(D91:BN91) -> 12 | B91: FEE | C91: 4 | D91: =COUNTIF(D$8:D$84,$B91) -> 0 | E91: =COUNTIF(E$8:E$84,$B91) -> 0 | F91: =EXACT($C91,D91) -> FALSE | G91: FEE | H91: =COUNTIF(H$8:H$84,$B91) -> 0 | I91: =COUNTIF(I$8:I$84,$B91) -> 0 | J91: =EXACT($C91,H91) -> FALSE | K91: FEE | L91: =COUNTIF(L$8:L$84,$B91) -> 0 | M91: =COUNTIF(M$8:M$84,$B91) -> 0 | N91: =EXACT($C91,L91) -> FALSE | O91: FEE | P91: =COUNTIF(P$8:P$84,$B91) -> 0 | Q91: =COUNTIF(Q$8:Q$84,$B91) -> 0 | R91: =EXACT($C91,P91) -> FALSE | S91: FEE | T91: =COUNTIF(T$8:T$84,$B91) -> 0 | U91: =COUNTIF(U$8:U$84,$B91) -> 0 | V91: =EXACT($C91,T91) -> FALSE | W91: FEE | X91: =COUNTIF(X$8:X$84,$B91) -> 0 | Y91: =COUNTIF(Y$8:Y$84,$B91) -> 0 | Z91: =EXACT($C91,X91) -> FALSE | AA91: FEE | AB91: =COUNTIF(AB$8:AB$84,$B91) -> 0 | AC91: =COUNTIF(AC$8:AC$84,$B91) -> 0 | AD91: =EXACT($C91,AB91) -> FALSE | AE91: FEE | AF91: =COUNTIF(AF$8:AF$84,$B91) -> 0 | AG91: =COUNTIF(AG$8:AG$84,$B91) -> 0 | AH91: =EXACT($C91,AF91) -> FALSE | AI91: FEE | AJ91: =COUNTIF(AJ$8:AJ$84,$B91) -> 0 | AK91: =COUNTIF(AK$8:AK$84,$B91) -> 0 | AL91: =EXACT($C91,AJ91) -> FALSE | AM91: FEE | AN91: =COUNTIF(AN$8:AN$84,$B91) -> 0 | AO91: =COUNTIF(AO$8:AO$84,$B91) -> 0 | AP91: =EXACT($C91,AN91) -> FALSE | AQ91: FEE | AR91: =COUNTIF(AR$8:AR$84,$B91) -> 0 | AS91: =COUNTIF(AS$8:AS$84,$B91) -> 0 | AT91: =EXACT($C91,AR91) -> FALSE | AU91: FEE | AV91: 4 | AW91: =SUM(AZ91:DJ91) -> 4 | AX91: =EXACT($C91,AV91) -> TRUE | AZ91: =COUNTIF(AZ$8:AZ$84,$B91) -> 0 | BA91: =COUNTIF(BA$8:BA$84,$B91) -> 0 | BB91: =EXACT($C91,AZ91) -> FALSE | BD91: 4
A92: =SUM(D92:BN92) -> 15 | B92: JAVA-II | C92: 5 | D92: =COUNTIF(D$8:D$84,$B92) -> 0 | E92: =COUNTIF(E$8:E$84,$B92) -> 0 | F92: =EXACT($C92,D92) -> FALSE | G92: Java-II | H92: =COUNTIF(H$8:H$84,$B92) -> 0 | I92: =COUNTIF(I$8:I$84,$B92) -> 0 | J92: =EXACT($C92,H92) -> FALSE | K92: Java-II | L92: =COUNTIF(L$8:L$84,$B92) -> 0 | M92: =COUNTIF(M$8:M$84,$B92) -> 0 | N92: =EXACT($C92,L92) -> FALSE | O92: Java-II | P92: =COUNTIF(P$8:P$84,$B92) -> 0 | Q92: =COUNTIF(Q$8:Q$84,$B92) -> 0 | R92: =EXACT($C92,P92) -> FALSE | S92: Java-II | T92: =COUNTIF(T$8:T$84,$B92) -> 0 | U92: =COUNTIF(U$8:U$84,$B92) -> 0 | V92: =EXACT($C92,T92) -> FALSE | W92: Java-II | X92: =COUNTIF(X$8:X$84,$B92) -> 0 | Y92: =COUNTIF(Y$8:Y$84,$B92) -> 0 | Z92: =EXACT($C92,X92) -> FALSE | AA92: Java-II | AB92: =COUNTIF(AB$8:AB$84,$B92) -> 0 | AC92: =COUNTIF(AC$8:AC$84,$B92) -> 0 | AD92: =EXACT($C92,AB92) -> FALSE | AE92: Java-II | AF92: =COUNTIF(AF$8:AF$84,$B92) -> 0 | AG92: =COUNTIF(AG$8:AG$84,$B92) -> 0 | AH92: =EXACT($C92,AF92) -> FALSE | AI92: Java-II | AJ92: =COUNTIF(AJ$8:AJ$84,$B92) -> 0 | AK92: =COUNTIF(AK$8:AK$84,$B92) -> 0 | AL92: =EXACT($C92,AJ92) -> FALSE | AM92: Java-II | AN92: =COUNTIF(AN$8:AN$84,$B92) -> 0 | AO92: =COUNTIF(AO$8:AO$84,$B92) -> 0 | AP92: =EXACT($C92,AN92) -> FALSE | AQ92: Java-II | AR92: =COUNTIF(AR$8:AR$84,$B92) -> 0 | AS92: =COUNTIF(AS$8:AS$84,$B92) -> 0 | AT92: =EXACT($C92,AR92) -> FALSE | AU92: JAVA-II | AV92: 5 | AW92: =SUM(AZ92:DJ92) -> 5 | AX92: =EXACT($C92,AV92) -> TRUE | AZ92: =COUNTIF(AZ$8:AZ$84,$B92) -> 0 | BA92: =COUNTIF(BA$8:BA$84,$B92) -> 0 | BB92: =EXACT($C92,AZ92) -> FALSE | BD92: 5
A93: =SUM(D93:BN93) -> 15 | B93: EM | C93: 5 | D93: =COUNTIF(D$8:D$84,$B93) -> 0 | E93: =COUNTIF(E$8:E$84,$B93) -> 0 | F93: =EXACT($C93,D93) -> FALSE | H93: =COUNTIF(H$8:H$84,$B93) -> 0 | I93: =COUNTIF(I$8:I$84,$B93) -> 0 | J93: =EXACT($C93,H93) -> FALSE | L93: =COUNTIF(L$8:L$84,$B93) -> 0 | M93: =COUNTIF(M$8:M$84,$B93) -> 0 | N93: =EXACT($C93,L93) -> FALSE | P93: =COUNTIF(P$8:P$84,$B93) -> 0 | Q93: =COUNTIF(Q$8:Q$84,$B93) -> 0 | R93: =EXACT($C93,P93) -> FALSE | T93: =COUNTIF(T$8:T$84,$B93) -> 0 | U93: =COUNTIF(U$8:U$84,$B93) -> 0 | V93: =EXACT($C93,T93) -> FALSE | X93: =COUNTIF(X$8:X$84,$B93) -> 0 | Y93: =COUNTIF(Y$8:Y$84,$B93) -> 0 | Z93: =EXACT($C93,X93) -> FALSE | AB93: =COUNTIF(AB$8:AB$84,$B93) -> 0 | AC93: =COUNTIF(AC$8:AC$84,$B93) -> 0 | AD93: =EXACT($C93,AB93) -> FALSE | AE93: EM | AF93: =COUNTIF(AF$8:AF$84,$B93) -> 0 | AG93: =COUNTIF(AG$8:AG$84,$B93) -> 0 | AH93: =EXACT($C93,AF93) -> FALSE | AI93: EM | AJ93: =COUNTIF(AJ$8:AJ$84,$B93) -> 0 | AK93: =COUNTIF(AK$8:AK$84,$B93) -> 0 | AL93: =EXACT($C93,AJ93) -> FALSE | AM93: EM | AN93: =COUNTIF(AN$8:AN$84,$B93) -> 0 | AO93: =COUNTIF(AO$8:AO$84,$B93) -> 0 | AP93: =EXACT($C93,AN93) -> FALSE | AQ93: EM | AR93: =COUNTIF(AR$8:AR$84,$B93) -> 0 | AS93: =COUNTIF(AS$8:AS$84,$B93) -> 0 | AT93: =EXACT($C93,AR93) -> FALSE | AU93: EM | AV93: 5 | AW93: =SUM(AZ93:DJ93) -> 5 | AX93: =EXACT($C93,AV93) -> TRUE | AZ93: =COUNTIF(AZ$8:AZ$84,$B93) -> 0 | BA93: =COUNTIF(BA$8:BA$84,$B93) -> 0 | BB93: =EXACT($C93,AZ93) -> FALSE | BD93: 5
A94: =SUM(D94:BN94) -> 18 | B94: EEE | C94: 6 | D94: =COUNTIF(D$8:D$84,$B94) -> 0 | E94: =COUNTIF(E$8:E$84,$B94) -> 0 | F94: =EXACT($C94,D94) -> FALSE | H94: =COUNTIF(H$8:H$84,$B94) -> 0 | I94: =COUNTIF(I$8:I$84,$B94) -> 0 | J94: =EXACT($C94,H94) -> FALSE | L94: =COUNTIF(L$8:L$84,$B94) -> 0 | M94: =COUNTIF(M$8:M$84,$B94) -> 0 | N94: =EXACT($C94,L94) -> FALSE | P94: =COUNTIF(P$8:P$84,$B94) -> 0 | Q94: =COUNTIF(Q$8:Q$84,$B94) -> 0 | R94: =EXACT($C94,P94) -> FALSE | T94: =COUNTIF(T$8:T$84,$B94) -> 0 | U94: =COUNTIF(U$8:U$84,$B94) -> 0 | V94: =EXACT($C94,T94) -> FALSE | X94: =COUNTIF(X$8:X$84,$B94) -> 0 | Y94: =COUNTIF(Y$8:Y$84,$B94) -> 0 | Z94: =EXACT($C94,X94) -> FALSE | AB94: =COUNTIF(AB$8:AB$84,$B94) -> 0 | AC94: =COUNTIF(AC$8:AC$84,$B94) -> 0 | AD94: =EXACT($C94,AB94) -> FALSE | AE94: EEE | AF94: =COUNTIF(AF$8:AF$84,$B94) -> 0 | AG94: =COUNTIF(AG$8:AG$84,$B94) -> 0 | AH94: =EXACT($C94,AF94) -> FALSE | AI94: EEE | AJ94: =COUNTIF(AJ$8:AJ$84,$B94) -> 0 | AK94: =COUNTIF(AK$8:AK$84,$B94) -> 0 | AL94: =EXACT($C94,AJ94) -> FALSE | AM94: EEE | AN94: =COUNTIF(AN$8:AN$84,$B94) -> 0 | AO94: =COUNTIF(AO$8:AO$84,$B94) -> 0 | AP94: =EXACT($C94,AN94) -> FALSE | AQ94: EEE | AR94: =COUNTIF(AR$8:AR$84,$B94) -> 0 | AS94: =COUNTIF(AS$8:AS$84,$B94) -> 0 | AT94: =EXACT($C94,AR94) -> FALSE | AU94: EEE | AV94: 6 | AW94: =SUM(AZ94:DJ94) -> 6 | AX94: =EXACT($C94,AV94) -> TRUE | AZ94: =COUNTIF(AZ$8:AZ$84,$B94) -> 0 | BA94: =COUNTIF(BA$8:BA$84,$B94) -> 0 | BB94: =EXACT($C94,AZ94) -> FALSE | BD94: 6
A95: =SUM(D95:BN95) -> 18 | B95: EG-II | C95: 6 | D95: =COUNTIF(D$8:D$84,$B95) -> 0 | E95: =COUNTIF(E$8:E$84,$B95) -> 0 | F95: =EXACT($C95,D95) -> FALSE | H95: =COUNTIF(H$8:H$84,$B95) -> 0 | I95: =COUNTIF(I$8:I$84,$B95) -> 0 | J95: =EXACT($C95,H95) -> FALSE | L95: =COUNTIF(L$8:L$84,$B95) -> 0 | M95: =COUNTIF(M$8:M$84,$B95) -> 0 | N95: =EXACT($C95,L95) -> FALSE | P95: =COUNTIF(P$8:P$84,$B95) -> 0 | Q95: =COUNTIF(Q$8:Q$84,$B95) -> 0 | R95: =EXACT($C95,P95) -> FALSE | T95: =COUNTIF(T$8:T$84,$B95) -> 0 | U95: =COUNTIF(U$8:U$84,$B95) -> 0 | V95: =EXACT($C95,T95) -> FALSE | X95: =COUNTIF(X$8:X$84,$B95) -> 0 | Y95: =COUNTIF(Y$8:Y$84,$B95) -> 0 | Z95: =EXACT($C95,X95) -> FALSE | AB95: =COUNTIF(AB$8:AB$84,$B95) -> 0 | AC95: =COUNTIF(AC$8:AC$84,$B95) -> 0 | AD95: =EXACT($C95,AB95) -> FALSE | AE95: EG-II | AF95: =COUNTIF(AF$8:AF$84,$B95) -> 0 | AG95: =COUNTIF(AG$8:AG$84,$B95) -> 0 | AH95: =EXACT($C95,AF95) -> FALSE | AI95: EG-II | AJ95: =COUNTIF(AJ$8:AJ$84,$B95) -> 0 | AK95: =COUNTIF(AK$8:AK$84,$B95) -> 0 | AL95: =EXACT($C95,AJ95) -> FALSE | AM95: EG-II | AN95: =COUNTIF(AN$8:AN$84,$B95) -> 0 | AO95: =COUNTIF(AO$8:AO$84,$B95) -> 0 | AP95: =EXACT($C95,AN95) -> FALSE | AQ95: EG-II | AR95: =COUNTIF(AR$8:AR$84,$B95) -> 0 | AS95: =COUNTIF(AS$8:AS$84,$B95) -> 0 | AT95: =EXACT($C95,AR95) -> FALSE | AU95: EG-II | AV95: 6 | AW95: =SUM(AZ95:DJ95) -> 6 | AX95: =EXACT($C95,AV95) -> TRUE | AZ95: =COUNTIF(AZ$8:AZ$84,$B95) -> 0 | BA95: =COUNTIF(BA$8:BA$84,$B95) -> 0 | BB95: =EXACT($C95,AZ95) -> FALSE | BD95: 6
A96: =SUM(D96:BN96) -> 10 | B96: ES | C96: 1 | D96: =COUNTIF(D$8:D$84,$B96) -> 1 | E96: =COUNTIF(E$8:E$84,$B96) -> 0 | F96: =EXACT($C96,D96) -> TRUE | H96: =COUNTIF(H$8:H$84,$B96) -> 1 | I96: =COUNTIF(I$8:I$84,$B96) -> 0 | J96: =EXACT($C96,H96) -> TRUE | L96: =COUNTIF(L$8:L$84,$B96) -> 1 | M96: =COUNTIF(M$8:M$84,$B96) -> 0 | N96: =EXACT($C96,L96) -> TRUE | P96: =COUNTIF(P$8:P$84,$B96) -> 1 | Q96: =COUNTIF(Q$8:Q$84,$B96) -> 0 | R96: =EXACT($C96,P96) -> TRUE | T96: =COUNTIF(T$8:T$84,$B96) -> 1 | U96: =COUNTIF(U$8:U$84,$B96) -> 0 | V96: =EXACT($C96,T96) -> TRUE | X96: =COUNTIF(X$8:X$84,$B96) -> 1 | Y96: =COUNTIF(Y$8:Y$84,$B96) -> 0 | Z96: =EXACT($C96,X96) -> TRUE | AB96: =COUNTIF(AB$8:AB$84,$B96) -> 1 | AC96: =COUNTIF(AC$8:AC$84,$B96) -> 0 | AD96: =EXACT($C96,AB96) -> TRUE | AE96: ES | AF96: =COUNTIF(AF$8:AF$84,$B96) -> 0 | AG96: =COUNTIF(AG$8:AG$84,$B96) -> 0 | AH96: =EXACT($C96,AF96) -> FALSE | AI96: ES | AJ96: =COUNTIF(AJ$8:AJ$84,$B96) -> 0 | AK96: =COUNTIF(AK$8:AK$84,$B96) -> 0 | AL96: =EXACT($C96,AJ96) -> FALSE | AM96: ES | AN96: =COUNTIF(AN$8:AN$84,$B96) -> 0 | AO96: =COUNTIF(AO$8:AO$84,$B96) -> 0 | AP96: =EXACT($C96,AN96) -> FALSE | AQ96: ES | AR96: =COUNTIF(AR$8:AR$84,$B96) -> 0 | AS96: =COUNTIF(AS$8:AS$84,$B96) -> 0 | AT96: =EXACT($C96,AR96) -> FALSE | AU96: ES | AV96: 1 | AW96: =SUM(AZ96:DJ96) -> 1 | AX96: =EXACT($C96,AV96) -> TRUE | AZ96: =COUNTIF(AZ$8:AZ$84,$B96) -> 0 | BA96: =COUNTIF(BA$8:BA$84,$B96) -> 0 | BB96: =EXACT($C96,AZ96) -> FALSE | BD96: 1
A97: =SUM(D97:BN97) -> 18 | B97: EDC | C97: 6 | D97: =COUNTIF(D$8:D$84,$B97) -> 0 | E97: =COUNTIF(E$8:E$84,$B97) -> 0 | F97: =EXACT($C97,D97) -> FALSE | H97: =COUNTIF(H$8:H$84,$B97) -> 0 | I97: =COUNTIF(I$8:I$84,$B97) -> 0 | J97: =EXACT($C97,H97) -> FALSE | L97: =COUNTIF(L$8:L$84,$B97) -> 0 | M97: =COUNTIF(M$8:M$84,$B97) -> 0 | N97: =EXACT($C97,L97) -> FALSE | P97: =COUNTIF(P$8:P$84,$B97) -> 0 | Q97: =COUNTIF(Q$8:Q$84,$B97) -> 0 | R97: =EXACT($C97,P97) -> FALSE | T97: =COUNTIF(T$8:T$84,$B97) -> 0 | U97: =COUNTIF(U$8:U$84,$B97) -> 0 | V97: =EXACT($C97,T97) -> FALSE | X97: =COUNTIF(X$8:X$84,$B97) -> 0 | Y97: =COUNTIF(Y$8:Y$84,$B97) -> 0 | Z97: =EXACT($C97,X97) -> FALSE | AB97: =COUNTIF(AB$8:AB$84,$B97) -> 0 | AC97: =COUNTIF(AC$8:AC$84,$B97) -> 0 | AD97: =EXACT($C97,AB97) -> FALSE | AE97: EDC | AF97: =COUNTIF(AF$8:AF$84,$B97) -> 0 | AG97: =COUNTIF(AG$8:AG$84,$B97) -> 0 | AH97: =EXACT($C97,AF97) -> FALSE | AI97: EDC | AJ97: =COUNTIF(AJ$8:AJ$84,$B97) -> 0 | AK97: =COUNTIF(AK$8:AK$84,$B97) -> 0 | AL97: =EXACT($C97,AJ97) -> FALSE | AM97: EDC | AN97: =COUNTIF(AN$8:AN$84,$B97) -> 0 | AO97: =COUNTIF(AO$8:AO$84,$B97) -> 0 | AP97: =EXACT($C97,AN97) -> FALSE | AQ97: EDC | AR97: =COUNTIF(AR$8:AR$84,$B97) -> 0 | AS97: =COUNTIF(AS$8:AS$84,$B97) -> 0 | AT97: =EXACT($C97,AR97) -> FALSE | AU97: EDC | AV97: 6 | AW97: =SUM(AZ97:DJ97) -> 6 | AX97: =EXACT($C97,AV97) -> TRUE | AZ97: =COUNTIF(AZ$8:AZ$84,$B97) -> 0 | BA97: =COUNTIF(BA$8:BA$84,$B97) -> 0 | BB97: =EXACT($C97,AZ97) -> FALSE | BD97: 6
A98: =SUM(D98:BN98) -> 15 | B98: DLD | C98: 5 | D98: =COUNTIF(D$8:D$84,$B98) -> 0 | E98: =COUNTIF(E$8:E$84,$B98) -> 0 | F98: =EXACT($C98,D98) -> FALSE | H98: =COUNTIF(H$8:H$84,$B98) -> 0 | I98: =COUNTIF(I$8:I$84,$B98) -> 0 | J98: =EXACT($C98,H98) -> FALSE | L98: =COUNTIF(L$8:L$84,$B98) -> 0 | M98: =COUNTIF(M$8:M$84,$B98) -> 0 | N98: =EXACT($C98,L98) -> FALSE | P98: =COUNTIF(P$8:P$84,$B98) -> 0 | Q98: =COUNTIF(Q$8:Q$84,$B98) -> 0 | R98: =EXACT($C98,P98) -> FALSE | T98: =COUNTIF(T$8:T$84,$B98) -> 0 | U98: =COUNTIF(U$8:U$84,$B98) -> 0 | V98: =EXACT($C98,T98) -> FALSE | X98: =COUNTIF(X$8:X$84,$B98) -> 0 | Y98: =COUNTIF(Y$8:Y$84,$B98) -> 0 | Z98: =EXACT($C98,X98) -> FALSE | AB98: =COUNTIF(AB$8:AB$84,$B98) -> 0 | AC98: =COUNTIF(AC$8:AC$84,$B98) -> 0 | AD98: =EXACT($C98,AB98) -> FALSE | AE98: DLD | AF98: =COUNTIF(AF$8:AF$84,$B98) -> 0 | AG98: =COUNTIF(AG$8:AG$84,$B98) -> 0 | AH98: =EXACT($C98,AF98) -> FALSE | AI98: DLD | AJ98: =COUNTIF(AJ$8:AJ$84,$B98) -> 0 | AK98: =COUNTIF(AK$8:AK$84,$B98) -> 0 | AL98: =EXACT($C98,AJ98) -> FALSE | AM98: DLD | AN98: =COUNTIF(AN$8:AN$84,$B98) -> 0 | AO98: =COUNTIF(AO$8:AO$84,$B98) -> 0 | AP98: =EXACT($C98,AN98) -> FALSE | AQ98: DLD | AR98: =COUNTIF(AR$8:AR$84,$B98) -> 0 | AS98: =COUNTIF(AS$8:AS$84,$B98) -> 0 | AT98: =EXACT($C98,AR98) -> FALSE | AU98: DLD | AV98: 5 | AW98: =SUM(AZ98:DJ98) -> 5 | AX98: =EXACT($C98,AV98) -> TRUE | AZ98: =COUNTIF(AZ$8:AZ$84,$B98) -> 0 | BA98: =COUNTIF(BA$8:BA$84,$B98) -> 0 | BB98: =EXACT($C98,AZ98) -> FALSE | BD98: 5
A99: =SUM(D99:BN99) -> 0 | B99: IOT-WS | C99: 0 | D99: =COUNTIF(D$8:D$84,$B99) -> 0 | E99: =COUNTIF(E$8:E$84,$B99) -> 0 | F99: =EXACT($C99,D99) -> TRUE | H99: =COUNTIF(H$8:H$84,$B99) -> 0 | I99: =COUNTIF(I$8:I$84,$B99) -> 0 | J99: =EXACT($C99,H99) -> TRUE | L99: =COUNTIF(L$8:L$84,$B99) -> 0 | M99: =COUNTIF(M$8:M$84,$B99) -> 0 | N99: =EXACT($C99,L99) -> TRUE | P99: =COUNTIF(P$8:P$84,$B99) -> 0 | Q99: =COUNTIF(Q$8:Q$84,$B99) -> 0 | R99: =EXACT($C99,P99) -> TRUE | T99: =COUNTIF(T$8:T$84,$B99) -> 0 | U99: =COUNTIF(U$8:U$84,$B99) -> 0 | V99: =EXACT($C99,T99) -> TRUE | X99: =COUNTIF(X$8:X$84,$B99) -> 0 | Y99: =COUNTIF(Y$8:Y$84,$B99) -> 0 | Z99: =EXACT($C99,X99) -> TRUE | AB99: =COUNTIF(AB$8:AB$84,$B99) -> 0 | AC99: =COUNTIF(AC$8:AC$84,$B99) -> 0 | AD99: =EXACT($C99,AB99) -> TRUE | AE99: IOT-WS | AF99: =COUNTIF(AF$8:AF$84,$B99) -> 0 | AG99: =COUNTIF(AG$8:AG$84,$B99) -> 0 | AH99: =EXACT($C99,AF99) -> TRUE | AI99: IOT-WS | AJ99: =COUNTIF(AJ$8:AJ$84,$B99) -> 0 | AK99: =COUNTIF(AK$8:AK$84,$B99) -> 0 | AL99: =EXACT($C99,AJ99) -> TRUE | AM99: IOT-WS | AN99: =COUNTIF(AN$8:AN$84,$B99) -> 0 | AO99: =COUNTIF(AO$8:AO$84,$B99) -> 0 | AP99: =EXACT($C99,AN99) -> TRUE | AQ99: IOT-WS | AR99: =COUNTIF(AR$8:AR$84,$B99) -> 0 | AS99: =COUNTIF(AS$8:AS$84,$B99) -> 0 | AT99: =EXACT($C99,AR99) -> TRUE | AU99: IOT-WS | AV99: 0 | AW99: =SUM(AZ99:DJ99) -> 0 | AX99: =EXACT($C99,AV99) -> TRUE | AZ99: =COUNTIF(AZ$8:AZ$84,$B99) -> 0 | BA99: =COUNTIF(BA$8:BA$84,$B99) -> 0 | BB99: =EXACT($C99,AZ99) -> TRUE | BD99: 0
A100: =SUM(D100:BN100) -> 18 | B100: PAS | C100: 6 | D100: =COUNTIF(D$8:D$84,$B100) -> 0 | E100: =COUNTIF(E$8:E$84,$B100) -> 0 | F100: =EXACT($C100,D100) -> FALSE | H100: =COUNTIF(H$8:H$84,$B100) -> 0 | I100: =COUNTIF(I$8:I$84,$B100) -> 0 | J100: =EXACT($C100,H100) -> FALSE | L100: =COUNTIF(L$8:L$84,$B100) -> 0 | M100: =COUNTIF(M$8:M$84,$B100) -> 0 | N100: =EXACT($C100,L100) -> FALSE | P100: =COUNTIF(P$8:P$84,$B100) -> 0 | Q100: =COUNTIF(Q$8:Q$84,$B100) -> 0 | R100: =EXACT($C100,P100) -> FALSE | T100: =COUNTIF(T$8:T$84,$B100) -> 0 | U100: =COUNTIF(U$8:U$84,$B100) -> 0 | V100: =EXACT($C100,T100) -> FALSE | X100: =COUNTIF(X$8:X$84,$B100) -> 0 | Y100: =COUNTIF(Y$8:Y$84,$B100) -> 0 | Z100: =EXACT($C100,X100) -> FALSE | AB100: =COUNTIF(AB$8:AB$84,$B100) -> 0 | AC100: =COUNTIF(AC$8:AC$84,$B100) -> 0 | AD100: =EXACT($C100,AB100) -> FALSE | AE100: PAS | AF100: =COUNTIF(AF$8:AF$84,$B100) -> 0 | AG100: =COUNTIF(AG$8:AG$84,$B100) -> 0 | AH100: =EXACT($C100,AF100) -> FALSE | AI100: PAS | AJ100: =COUNTIF(AJ$8:AJ$84,$B100) -> 0 | AK100: =COUNTIF(AK$8:AK$84,$B100) -> 0 | AL100: =EXACT($C100,AJ100) -> FALSE | AM100: PAS | AN100: =COUNTIF(AN$8:AN$84,$B100) -> 0 | AO100: =COUNTIF(AO$8:AO$84,$B100) -> 0 | AP100: =EXACT($C100,AN100) -> FALSE | AQ100: PAS | AR100: =COUNTIF(AR$8:AR$84,$B100) -> 0 | AS100: =COUNTIF(AS$8:AS$84,$B100) -> 0 | AT100: =EXACT($C100,AR100) -> FALSE | AU100: PAS | AV100: 6 | AW100: =SUM(AZ100:DJ100) -> 6 | AX100: =EXACT($C100,AV100) -> TRUE | AZ100: =COUNTIF(AZ$8:AZ$84,$B100) -> 0 | BA100: =COUNTIF(BA$8:BA$84,$B100) -> 0 | BB100: =EXACT($C100,AZ100) -> FALSE | BD100: 6
A101: =SUM(D101:BN101) -> 18 | B101: BEE | C101: 6 | D101: =COUNTIF(D$8:D$84,$B101) -> 0 | E101: =COUNTIF(E$8:E$84,$B101) -> 0 | F101: =EXACT($C101,D101) -> FALSE | H101: =COUNTIF(H$8:H$84,$B101) -> 0 | I101: =COUNTIF(I$8:I$84,$B101) -> 0 | J101: =EXACT($C101,H101) -> FALSE | L101: =COUNTIF(L$8:L$84,$B101) -> 0 | M101: =COUNTIF(M$8:M$84,$B101) -> 0 | N101: =EXACT($C101,L101) -> FALSE | P101: =COUNTIF(P$8:P$84,$B101) -> 0 | Q101: =COUNTIF(Q$8:Q$84,$B101) -> 0 | R101: =EXACT($C101,P101) -> FALSE | T101: =COUNTIF(T$8:T$84,$B101) -> 0 | U101: =COUNTIF(U$8:U$84,$B101) -> 0 | V101: =EXACT($C101,T101) -> FALSE | X101: =COUNTIF(X$8:X$84,$B101) -> 0 | Y101: =COUNTIF(Y$8:Y$84,$B101) -> 0 | Z101: =EXACT($C101,X101) -> FALSE | AB101: =COUNTIF(AB$8:AB$84,$B101) -> 0 | AC101: =COUNTIF(AC$8:AC$84,$B101) -> 0 | AD101: =EXACT($C101,AB101) -> FALSE | AE101: BEE | AF101: =COUNTIF(AF$8:AF$84,$B101) -> 0 | AG101: =COUNTIF(AG$8:AG$84,$B101) -> 0 | AH101: =EXACT($C101,AF101) -> FALSE | AI101: BEE | AJ101: =COUNTIF(AJ$8:AJ$84,$B101) -> 0 | AK101: =COUNTIF(AK$8:AK$84,$B101) -> 0 | AL101: =EXACT($C101,AJ101) -> FALSE | AM101: BEE | AN101: =COUNTIF(AN$8:AN$84,$B101) -> 0 | AO101: =COUNTIF(AO$8:AO$84,$B101) -> 0 | AP101: =EXACT($C101,AN101) -> FALSE | AQ101: BEE | AR101: =COUNTIF(AR$8:AR$84,$B101) -> 0 | AS101: =COUNTIF(AS$8:AS$84,$B101) -> 0 | AT101: =EXACT($C101,AR101) -> FALSE | AU101: BEE | AV101: 6 | AW101: =SUM(AZ101:DJ101) -> 6 | AX101: =EXACT($C101,AV101) -> TRUE | AZ101: =COUNTIF(AZ$8:AZ$84,$B101) -> 0 | BA101: =COUNTIF(BA$8:BA$84,$B101) -> 0 | BB101: =EXACT($C101,AZ101) -> FALSE | BD101: 6
A102: =SUM(D102:BN102) -> 21 | B102: EG | C102: 7 | D102: =COUNTIF(D$8:D$84,$B102) -> 0 | E102: =COUNTIF(E$8:E$84,$B102) -> 0 | F102: =EXACT($C102,D102) -> FALSE | H102: =COUNTIF(H$8:H$84,$B102) -> 0 | I102: =COUNTIF(I$8:I$84,$B102) -> 0 | J102: =EXACT($C102,H102) -> FALSE | L102: =COUNTIF(L$8:L$84,$B102) -> 0 | M102: =COUNTIF(M$8:M$84,$B102) -> 0 | N102: =EXACT($C102,L102) -> FALSE | P102: =COUNTIF(P$8:P$84,$B102) -> 0 | Q102: =COUNTIF(Q$8:Q$84,$B102) -> 0 | R102: =EXACT($C102,P102) -> FALSE | T102: =COUNTIF(T$8:T$84,$B102) -> 0 | U102: =COUNTIF(U$8:U$84,$B102) -> 0 | V102: =EXACT($C102,T102) -> FALSE | X102: =COUNTIF(X$8:X$84,$B102) -> 0 | Y102: =COUNTIF(Y$8:Y$84,$B102) -> 0 | Z102: =EXACT($C102,X102) -> FALSE | AB102: =COUNTIF(AB$8:AB$84,$B102) -> 0 | AC102: =COUNTIF(AC$8:AC$84,$B102) -> 0 | AD102: =EXACT($C102,AB102) -> FALSE | AE102: EG | AF102: =COUNTIF(AF$8:AF$84,$B102) -> 0 | AG102: =COUNTIF(AG$8:AG$84,$B102) -> 0 | AH102: =EXACT($C102,AF102) -> FALSE | AI102: EG | AJ102: =COUNTIF(AJ$8:AJ$84,$B102) -> 0 | AK102: =COUNTIF(AK$8:AK$84,$B102) -> 0 | AL102: =EXACT($C102,AJ102) -> FALSE | AM102: EG | AN102: =COUNTIF(AN$8:AN$84,$B102) -> 0 | AO102: =COUNTIF(AO$8:AO$84,$B102) -> 0 | AP102: =EXACT($C102,AN102) -> FALSE | AQ102: EG | AR102: =COUNTIF(AR$8:AR$84,$B102) -> 0 | AS102: =COUNTIF(AS$8:AS$84,$B102) -> 0 | AT102: =EXACT($C102,AR102) -> FALSE | AU102: EG | AV102: 7 | AW102: =SUM(AZ102:DJ102) -> 7 | AX102: =EXACT($C102,AV102) -> TRUE | AZ102: =COUNTIF(AZ$8:AZ$84,$B102) -> 0 | BA102: =COUNTIF(BA$8:BA$84,$B102) -> 0 | BB102: =EXACT($C102,AZ102) -> FALSE | BD102: 7
A103: =SUM(D103:BN103) -> 0 | B103: WS | C103: 0 | D103: =COUNTIF(D$8:D$84,$B103) -> 0 | E103: =COUNTIF(E$8:E$84,$B103) -> 0 | F103: =EXACT($C103,D103) -> TRUE | H103: =COUNTIF(H$8:H$84,$B103) -> 0 | I103: =COUNTIF(I$8:I$84,$B103) -> 0 | J103: =EXACT($C103,H103) -> TRUE | L103: =COUNTIF(L$8:L$84,$B103) -> 0 | M103: =COUNTIF(M$8:M$84,$B103) -> 0 | N103: =EXACT($C103,L103) -> TRUE | P103: =COUNTIF(P$8:P$84,$B103) -> 0 | Q103: =COUNTIF(Q$8:Q$84,$B103) -> 0 | R103: =EXACT($C103,P103) -> TRUE | T103: =COUNTIF(T$8:T$84,$B103) -> 0 | U103: =COUNTIF(U$8:U$84,$B103) -> 0 | V103: =EXACT($C103,T103) -> TRUE | X103: =COUNTIF(X$8:X$84,$B103) -> 0 | Y103: =COUNTIF(Y$8:Y$84,$B103) -> 0 | Z103: =EXACT($C103,X103) -> TRUE | AB103: =COUNTIF(AB$8:AB$84,$B103) -> 0 | AC103: =COUNTIF(AC$8:AC$84,$B103) -> 0 | AD103: =EXACT($C103,AB103) -> TRUE | AE103: WS | AF103: =COUNTIF(AF$8:AF$84,$B103) -> 0 | AG103: =COUNTIF(AG$8:AG$84,$B103) -> 0 | AH103: =EXACT($C103,AF103) -> TRUE | AI103: WS | AJ103: =COUNTIF(AJ$8:AJ$84,$B103) -> 0 | AK103: =COUNTIF(AK$8:AK$84,$B103) -> 0 | AL103: =EXACT($C103,AJ103) -> TRUE | AM103: WS | AN103: =COUNTIF(AN$8:AN$84,$B103) -> 0 | AO103: =COUNTIF(AO$8:AO$84,$B103) -> 0 | AP103: =EXACT($C103,AN103) -> TRUE | AQ103: WS | AR103: =COUNTIF(AR$8:AR$84,$B103) -> 0 | AS103: =COUNTIF(AS$8:AS$84,$B103) -> 0 | AT103: =EXACT($C103,AR103) -> TRUE | AU103: WS | AV103: 0 | AW103: =SUM(AZ103:DJ103) -> 0 | AX103: =EXACT($C103,AV103) -> TRUE | AZ103: =COUNTIF(AZ$8:AZ$84,$B103) -> 0 | BA103: =COUNTIF(BA$8:BA$84,$B103) -> 0 | BB103: =EXACT($C103,AZ103) -> TRUE | BD103: 0
A104: =SUM(D104:BN104) -> 12 | B104: CTE | C104: 4 | D104: =COUNTIF(D$8:D$84,$B104) -> 0 | E104: =COUNTIF(E$8:E$84,$B104) -> 0 | F104: =EXACT($C104,D104) -> FALSE | H104: =COUNTIF(H$8:H$84,$B104) -> 0 | I104: =COUNTIF(I$8:I$84,$B104) -> 0 | J104: =EXACT($C104,H104) -> FALSE | L104: =COUNTIF(L$8:L$84,$B104) -> 0 | M104: =COUNTIF(M$8:M$84,$B104) -> 0 | N104: =EXACT($C104,L104) -> FALSE | P104: =COUNTIF(P$8:P$84,$B104) -> 0 | Q104: =COUNTIF(Q$8:Q$84,$B104) -> 0 | R104: =EXACT($C104,P104) -> FALSE | T104: =COUNTIF(T$8:T$84,$B104) -> 0 | U104: =COUNTIF(U$8:U$84,$B104) -> 0 | V104: =EXACT($C104,T104) -> FALSE | X104: =COUNTIF(X$8:X$84,$B104) -> 0 | Y104: =COUNTIF(Y$8:Y$84,$B104) -> 0 | Z104: =EXACT($C104,X104) -> FALSE | AB104: =COUNTIF(AB$8:AB$84,$B104) -> 0 | AC104: =COUNTIF(AC$8:AC$84,$B104) -> 0 | AD104: =EXACT($C104,AB104) -> FALSE | AE104: CTE | AF104: =COUNTIF(AF$8:AF$84,$B104) -> 0 | AG104: =COUNTIF(AG$8:AG$84,$B104) -> 0 | AH104: =EXACT($C104,AF104) -> FALSE | AI104: CTE | AJ104: =COUNTIF(AJ$8:AJ$84,$B104) -> 0 | AK104: =COUNTIF(AK$8:AK$84,$B104) -> 0 | AL104: =EXACT($C104,AJ104) -> FALSE | AM104: CTE | AN104: =COUNTIF(AN$8:AN$84,$B104) -> 0 | AO104: =COUNTIF(AO$8:AO$84,$B104) -> 0 | AP104: =EXACT($C104,AN104) -> FALSE | AQ104: CTE | AR104: =COUNTIF(AR$8:AR$84,$B104) -> 0 | AS104: =COUNTIF(AS$8:AS$84,$B104) -> 0 | AT104: =EXACT($C104,AR104) -> FALSE | AU104: CTE | AV104: 4 | AW104: =SUM(AZ104:DJ104) -> 4 | AX104: =EXACT($C104,AV104) -> TRUE | AZ104: =COUNTIF(AZ$8:AZ$84,$B104) -> 0 | BA104: =COUNTIF(BA$8:BA$84,$B104) -> 0 | BB104: =EXACT($C104,AZ104) -> FALSE | BD104: 4
... A106: =SUM(D106:BN106) -> 15 | B106: TH-I | C106: 5 | D106: =COUNTIF(D$8:D$84,$B106) -> 0 | E106: =COUNTIF(E$8:E$84,$B106) -> 0 | F106: =EXACT($C106,D106) -> FALSE | H106: =COUNTIF(H$8:H$84,$B106) -> 0 | I106: =COUNTIF(I$8:I$84,$B106) -> 0 | J106: =EXACT($C106,H106) -> FALSE | L106: =COUNTIF(L$8:L$84,$B106) -> 0 | M106: =COUNTIF(M$8:M$84,$B106) -> 0 | N106: =EXACT($C106,L106) -> FALSE | P106: =COUNTIF(P$8:P$84,$B106) -> 0 | Q106: =COUNTIF(Q$8:Q$84,$B106) -> 0 | R106: =EXACT($C106,P106) -> FALSE | T106: =COUNTIF(T$8:T$84,$B106) -> 0 | U106: =COUNTIF(U$8:U$84,$B106) -> 0 | V106: =EXACT($C106,T106) -> FALSE | X106: =COUNTIF(X$8:X$84,$B106) -> 0 | Y106: =COUNTIF(Y$8:Y$84,$B106) -> 0 | Z106: =EXACT($C106,X106) -> FALSE | AB106: =COUNTIF(AB$8:AB$84,$B106) -> 0 | AC106: =COUNTIF(AC$8:AC$84,$B106) -> 0 | AD106: =EXACT($C106,AB106) -> FALSE | AE106: TH-I | AF106: =COUNTIF(AF$8:AF$84,$B106) -> 0 | AG106: =COUNTIF(AG$8:AG$84,$B106) -> 0 | AH106: =EXACT($C106,AF106) -> FALSE | AI106: TH-I | AJ106: =COUNTIF(AJ$8:AJ$84,$B106) -> 0 | AK106: =COUNTIF(AK$8:AK$84,$B106) -> 0 | AL106: =EXACT($C106,AJ106) -> FALSE | AM106: TH-I | AN106: =COUNTIF(AN$8:AN$84,$B106) -> 0 | AO106: =COUNTIF(AO$8:AO$84,$B106) -> 0 | AP106: =EXACT($C106,AN106) -> FALSE | AQ106: TH-I | AR106: =COUNTIF(AR$8:AR$84,$B106) -> 0 | AS106: =COUNTIF(AS$8:AS$84,$B106) -> 0 | AT106: =EXACT($C106,AR106) -> FALSE | AU106: TH-I | AV106: 5 | AW106: =SUM(AZ106:DJ106) -> 5 | AX106: =EXACT($C106,AV106) -> TRUE | AZ106: =COUNTIF(AZ$8:AZ$84,$B106) -> 0 | BA106: =COUNTIF(BA$8:BA$84,$B106) -> 0 | BB106: =EXACT($C106,AZ106) -> FALSE | BD106: 5
D109: =D5 -> D-1 | H109: =H5 -> D-2 | L109: =L5 -> D-3 | P109: =P5 -> D-4 | T109: =T5 -> D-5 | X109: =X5 -> D-6 | AB109: =AB5 -> D-7 | AF109: =AF5 -> D-8 | AJ109: =AJ5 -> D-9 | AN109: =AN5 -> 0 | AR109: =AR5 -> V 1.0
C110: LAST UPDATE 11 DEC | D110: BATCH-1 | H110: BATCH-2 | L110: BATCH-3 | P110: BATCH-4 | T110: BATCH-5 | X110: BATCH-6 | AB110: BATCH-7 | AF110: BATCH-8 | AJ110: BATCH-9 | AN110: BATCH-10 | AR110: BATCH-11 | AV110: BATCH-12 | AZ110: BATCH-13
D111: AMS | F111: =COUNTIF(F$8:F$83,D111) -> 7 | G111: MATHS-I | H111: PDB | J111: =COUNTIF(J$8:J$83,H111) -> 7 | K111: MATHS-I | L111: JVA | N111: =COUNTIF(N$8:N$83,L111) -> 7 | O111: MATHS-I | P111: PDB | R111: =COUNTIF(R$8:R$83,P111) -> 7 | S111: MATHS-I | T111: AMS | V111: =COUNTIF(V$8:V$83,T111) -> 7 | W111: MATHS-I | X111: PDB | Z111: =COUNTIF(Z$8:Z$83,X111) -> 7 | AA111: MATHS-I | AB111: AMS | AD111: =COUNTIF(AD$8:AD$83,AB111) -> 7 | AE111: MATHS-I | AF111: AMS | AH111: =COUNTIF(AH$8:AH$83,AF111) -> 0 | AI111: MATHS-II | AL111: =COUNTIF(AL$8:AL$83,AJ111) -> 0 | AN111: RMP | AP111: =COUNTIF(AP$8:AP$83,AN111) -> 0 | AQ111: MATHS-II | AT111: =COUNTIF(AT$8:AT$83,AR111) -> 0 | AX111: =COUNTIF(AX$8:AX$83,AV111) -> 0 | AY111: JAVA | AZ111: JJS | BB111: =COUNTIF(BB$8:BB$83,AZ111) -> 0 | BC111: JAVA
D112: KGB | F112: =COUNTIF(F$8:F$83,D112) -> 5 | G112: PHY | H112: PYR | J112: =COUNTIF(J$8:J$83,H112) -> 5 | K112: PHY | L112: KGB | N112: =COUNTIF(N$8:N$83,L112) -> 5 | O112: PHY | P112: PYR | R112: =COUNTIF(R$8:R$83,P112) -> 5 | S112: PHY | T112: KGB | V112: =COUNTIF(V$8:V$83,T112) -> 5 | W112: PHY | X112: PYR | Z112: =COUNTIF(Z$8:Z$83,X112) -> 5 | AA112: PHY | AB112: KGB | AD112: =COUNTIF(AD$8:AD$83,AB112) -> 5 | AE112: PHY | AF112: PDB | AH112: =COUNTIF(AH$8:AH$83,AF112) -> 0 | AI112: DBMS | AL112: =COUNTIF(AL$8:AL$83,AJ112) -> 0 | AN112: KDM | AP112: =COUNTIF(AP$8:AP$83,AN112) -> 0 | AQ112: BIOM | AT112: =COUNTIF(AT$8:AT$83,AR112) -> 0 | AX112: =COUNTIF(AX$8:AX$83,AV112) -> 0 | AY112: MATHS | AZ112: DAS | BB112: =COUNTIF(BB$8:BB$83,AZ112) -> 0 | BC112: MATHS
D113: IRS | F113: =COUNTIF(F$8:F$83,D113) -> 3 | G113: SE | H113: IRS | J113: =COUNTIF(J$8:J$83,H113) -> 3 | K113: SE | L113: IRS | N113: =COUNTIF(N$8:N$83,L113) -> 3 | O113: SE | P113: IRS | R113: =COUNTIF(R$8:R$83,P113) -> 3 | S113: SE | T113: IRS | V113: =COUNTIF(V$8:V$83,T113) -> 3 | W113: SE | X113: IRS | Z113: =COUNTIF(Z$8:Z$83,X113) -> 3 | AA113: SE | AB113: IRS | AD113: =COUNTIF(AD$8:AD$83,AB113) -> 3 | AE113: SE | AF113: VSA | AH113: =COUNTIF(AH$8:AH$83,AF113) -> 0 | AI113: DS | AL113: =COUNTIF(AL$8:AL$83,AJ113) -> 0 | AN113: ARP | AP113: =COUNTIF(AP$8:AP$83,AN113) -> 0 | AQ113: JAVA-II | AT113: =COUNTIF(AT$8:AT$83,AR113) -> 0 | AX113: =COUNTIF(AX$8:AX$83,AV113) -> 0 | AY113: PHY | AZ113: SJG | BB113: =COUNTIF(BB$8:BB$83,AZ113) -> 0 | BC113: PHY
D114: HDS | F114: =COUNTIF(F$8:F$83,D114) -> 8 | G114: PYTHON-I | H114: MDP | J114: =COUNTIF(J$8:J$83,H114) -> 8 | K114: PYTHON-I | L114: JPM | N114: =COUNTIF(N$8:N$83,L114) -> 8 | O114: PYTHON-I | P114: HDS | R114: =COUNTIF(R$8:R$83,P114) -> 8 | S114: PYTHON-I | T114: VVP | V114: =COUNTIF(V$8:V$83,T114) -> 8 | W114: PYTHON-I | X114: MDP | Z114: =COUNTIF(Z$8:Z$83,X114) -> 8 | AA114: PYTHON-I | AB114: JPM | AD114: =COUNTIF(AD$8:AD$83,AB114) -> 8 | AE114: PYTHON-I | AF114: KGB | AH114: =COUNTIF(AH$8:AH$83,AF114) -> 0 | AI114: FEE | AL114: =COUNTIF(AL$8:AL$83,AJ114) -> 0 | AN114: ARY | AP114: =COUNTIF(AP$8:AP$83,AN114) -> 0 | AQ114: DBMS | AT114: =COUNTIF(AT$8:AT$83,AR114) -> 0 | AX114: =COUNTIF(AX$8:AX$83,AV114) -> 0 | AY114: SE | AZ114: ANR | BB114: =COUNTIF(BB$8:BB$83,AZ114) -> 0 | BC114: SE
D115: NND | F115: =COUNTIF(F$8:F$83,D115) -> 1 | G115: ES | H115: NND | J115: =COUNTIF(J$8:J$83,H115) -> 1 | K115: ES | L115: NND | N115: =COUNTIF(N$8:N$83,L115) -> 1 | O115: ES | P115: NND | R115: =COUNTIF(R$8:R$83,P115) -> 1 | S115: ES | T115: NND | V115: =COUNTIF(V$8:V$83,T115) -> 1 | W115: ES | X115: NND | Z115: =COUNTIF(Z$8:Z$83,X115) -> 1 | AA115: ES | AB115: NND | AD115: =COUNTIF(AD$8:AD$83,AB115) -> 1 | AE115: ES | AF115: HDS | AH115: =COUNTIF(AH$8:AH$83,AF115) -> 0 | AI115: JAVA-II | AL115: =COUNTIF(AL$8:AL$83,AJ115) -> 0 | AN115: JRC | AP115: =COUNTIF(AP$8:AP$83,AN115) -> 0 | AQ115: DS | AT115: =COUNTIF(AT$8:AT$83,AR115) -> 0 | AX115: =COUNTIF(AX$8:AX$83,AV115) -> 0 | AY115: ES | AZ115: IJT | BB115: =COUNTIF(BB$8:BB$83,AZ115) -> 0 | BC115: ES
F116: =COUNTIF(F$8:F$83,D116) -> 0 | J116: =COUNTIF(J$8:J$83,H116) -> 0 | N116: =COUNTIF(N$8:N$83,L116) -> 0 | R116: =COUNTIF(R$8:R$83,P116) -> 0 | V116: =COUNTIF(V$8:V$83,T116) -> 0 | Z116: =COUNTIF(Z$8:Z$83,X116) -> 0 | AD116: =COUNTIF(AD$8:AD$83,AB116) -> 0 | AH116: =COUNTIF(AH$8:AH$83,AF116) -> 0 | AL116: =COUNTIF(AL$8:AL$83,AJ116) -> 0 | AP116: =COUNTIF(AP$8:AP$83,AN116) -> 0 | AX116: =SUM(AX111:AX115) -> 0 | BB116: =SUM(BB111:BB115) -> 0
B117: TOTAL | C117: TOTAL | F117: =SUM(F111:F116) -> 24 | J117: =SUM(J111:J116) -> 24 | N117: =SUM(N111:N116) -> 24 | R117: =SUM(R111:R116) -> 24 | V117: =SUM(V111:V116) -> 24 | Z117: =SUM(Z111:Z116) -> 24 | AD117: =SUM(AD111:AD116) -> 24 | AH117: =SUM(AH111:AH116) -> 0 | AL117: =SUM(AL111:AL116) -> 0 | AP117: =SUM(AP111:AP116) -> 0 | AT117: =SUM(AT111:AT115) -> 0 | AU117: TOTAL | AV117: TOTAL | AX117: =SUM(AX112:AX116) -> 0 | BB117: =SUM(BB112:BB116) -> 0

Sheet Faculty TT
A1: L J Institute of Engineering and Technology
A2: FY1 SEM I BATCH 2026 (CE/AIML)
A3: =TT!A3 -> Class Time Table Effective From 31 August 2026
B4: =TT!B5 -> V 1.0 | C4: FACULTY - SUBJECTS | D4: 1 | H4: 2 | J4: MATHS-I | L4: 3 | N4: MATHS-I | P4: 4 | R4: PHY | T4: 5 | V4: PHY | X4: 6 | Z4: PYTHON-I | AB4: 7 | AD4: PYTHON-I | AJ4: 8 | AL4: PYTHON-I | AN4: 9 | AP4: SE | AR4: 10 | AT4: ES | AV4: 11 | AX4: PYTHON-I | AY4: VISITING | AZ4: 12 | BB4: MATHS-I | BC4: VISITING | BD4: 13 | BH4: 13 | BL4: 15 | BN4: SE | BO4: VF | BP4: 16 | BR4: ES | BS4: VF | BT4: 17 | BV4: ES | BW4: VF | BX4: 19 | BZ4: ADMIN | CB4: 20 | CC4: 20 | CE4: MATHS | CF4: 21 | CI4: MATHS | CJ4: 22 | CM4: MATHS | CN4: 23 | CO4: 20 | CP4: VISITING | CQ4: MATHS | CR4: 24 | CT4: VISITING | CU4: JAVA | CV4: 25 | CX4: VISITING | CZ4: 23 | DD4: FACULTY - SUBJECTS
A5: DAY | B5: Lect No | C5: Faculty Initials --> | D5: ZAB | H5: AMS | L5: PDB | P5: KGB | T5: PYR | X5: JPM | AB5: HDS | AJ5: MDP | AN5: IRS | AR5: NND | AV5: VVP | AZ5: JVA | BD5: VRS | BH5: VSA | BL5: HPP | BP5: UPR | BT5: VSA | BX5: PVS | CB5: EXTRA | CF5: EXTRA | CJ5: EXTRA | CN5: EXTRA | CR5: EXTRA | CV5: EXTRA | CZ5: EXTRA | DD5: Faculty Initials --> | DE5: DAY
C6: TIME | DD6: TIME
C7: TIME | D7: Subject | E7: Batch | F7: Faculty | G7: Room No | H7: Subject | I7: Batch | J7: Faculty | K7: Room No | L7: Subject | M7: Batch | N7: Faculty | O7: Room No | P7: Subject | Q7: Batch | R7: Faculty | S7: Room No | T7: Subject | U7: Batch | V7: Faculty | W7: Room No | X7: Subject | Y7: Batch | Z7: Faculty | AA7: Room No | AB7: Subject | AC7: Batch | AD7: Faculty | AE7: Room No | AF7: Subject | AG7: Batch | AH7: Faculty | AI7: Room No | AJ7: Subject | AK7: Batch | AL7: Faculty | AM7: Room No | AN7: Subject | AO7: Batch | AP7: Faculty | AQ7: Room No | AR7: Subject | AS7: Batch | AT7: Faculty | AU7: Room No | AV7: Subject | AW7: Batch | AX7: Faculty | AY7: Room No | AZ7: Subject | BA7: Batch | BB7: Faculty | BC7: Room No | BD7: Subject | BE7: Batch | BF7: Faculty | BG7: Room No | BH7: Subject | BI7: Batch | BJ7: Faculty | BK7: Room No | BL7: Subject | BM7: Batch | BN7: Faculty | BO7: Room No | BP7: Subject | BQ7: Batch | BR7: Faculty | BS7: Room No | BT7: Subject | BU7: Batch | BV7: Faculty | BW7: Room No | BX7: Subject | BY7: Batch | BZ7: Faculty | CA7: Room No | CB7: Subject | CC7: Batch | CD7: Faculty | CE7: Room No | CF7: Subject | CG7: Batch | CH7: Faculty | CI7: Room No | CJ7: Subject | CK7: Batch | CL7: Faculty | CM7: Room No | CN7: Subject | CO7: Batch | CP7: Faculty | CQ7: Room No | CR7: Subject | CS7: Batch | CT7: Faculty | CU7: Room No | CV7: Subject | CW7: Batch | CX7: Faculty | CY7: Room No | CZ7: Subject | DA7: Batch | DB7: Faculty | DC7: Room No | DD7: TIME
A8: MON | B8: 1 | C8: =TT!$C$8 -> 8:45am to 9:45am | D8: =CONCATENATE(IF('CLASS TT'!$F8=D$5,CONCATENATE('CLASS TT'!$D$5,"-",'CLASS TT'!$D8),""),IF('CLASS TT'!$J8=D$5,CONCATENATE('CLASS TT'!$H$5,"-",'CLASS TT'!$H8),""),IF('CLASS TT'!$N8=D$5,CONCATENATE('CLASS TT'!$L$5,"-",'CLASS TT'!$L8),""),IF('CLASS TT'!$R8=D$5,CONCATENATE('CLASS TT'!$P$5,"-",'CLASS TT'!$P8),""),IF('CLASS TT'!$V8=D$5,CONCATENATE('CLASS TT'!$T$5,"-",'CLASS TT'!$T8),""),IF('CLASS TT'!$Z8=D$5,CONCATENATE('CLASS TT'!$X$5,"-",'CLASS TT'!$X8),""),IF('CLASS TT'!$AD8=D$5,CONCATENATE('CLASS TT'!$AB$5,"-",'CLASS TT'!$AB8),""),IF('CLASS TT'!$AH8=D$5,CONCATENATE('CLASS TT'!$AF$5,"-",'CLASS TT'!$AF8),""),IF('CLASS TT'!$AL8=D$5,CONCATENATE('CLASS TT'!$AJ$5,"-",'CLASS TT'!$AJ8),""),IF('CLASS TT'!$AP8=D$5,CONCATENATE('CLASS TT'!$AN$5,"-",'CLASS TT'!$AN8),""),IF('CLASS TT'!$AT8=D$5,CONCATENATE('CLASS TT'!$AR$5,"-",'CLASS TT'!$AR8),""),IF('CLASS TT'!$BB8=D$5,CONCATENATE('CLASS TT'!$AZ$5,"-",'CLASS TT'!$AZ8),""),IF('CLASS TT'!$AX8=D$5,CONCATENATE('CLASS TT'!$AV$5,"-",'CLASS TT'!$AV8),"")) | E8: =CONCATENATE(IF('CLASS TT'!$F8=D$5,'CLASS TT'!$E8,""),IF('CLASS TT'!$J8=D$5,'CLASS TT'!$I8,""),IF('CLASS TT'!$N8=D$5,'CLASS TT'!$M8,""),IF('CLASS TT'!$R8=D$5,'CLASS TT'!$Q8,""),IF('CLASS TT'!$V8=D$5,'CLASS TT'!$U8,""),IF('CLASS TT'!$Z8=D$5,'CLASS TT'!$Y8,""),IF('CLASS TT'!$AD8=D$5,'CLASS TT'!$AC8,""),IF('CLASS TT'!$AH8=D$5,'CLASS TT'!$AG8,""),IF('CLASS TT'!$AL8=D$5,'CLASS TT'!$AK8,""),IF('CLASS TT'!$AP8=D$5,'CLASS TT'!$AO8,""),IF('CLASS TT'!$AT8=D$5,'CLASS TT'!$AS8,""),IF('CLASS TT'!$BB8=D$5,'CLASS TT'!$BA8,"")) | F8: =CONCATENATE(IF('CLASS TT'!$F8=D$5,'CLASS TT'!$F8,""),IF('CLASS TT'!$J8=D$5,'CLASS TT'!$J8,""),IF('CLASS TT'!$N8=D$5,'CLASS TT'!$N8,""),IF('CLASS TT'!$R8=D$5,'CLASS TT'!$R8,""),IF('CLASS TT'!$V8=D$5,'CLASS TT'!$V8,""),IF('CLASS TT'!$Z8=D$5,'CLASS TT'!$Z8,""),IF('CLASS TT'!$AD8=D$5,'CLASS TT'!$AD8,""),IF('CLASS TT'!$AH8=D$5,'CLASS TT'!$AH8,""),IF('CLASS TT'!$AL8=D$5,'CLASS TT'!$AL8,""),IF('CLASS TT'!$AP8=D$5,'CLASS TT'!$AP8,""),IF('CLASS TT'!$AT8=D$5,'CLASS TT'!$AT8,""),IF('CLASS TT'!$BB8=D$5,'CLASS TT'!$BB8,""),IF('CLASS TT'!$AX8=D$5,'CLASS TT'!$AX8,"")) | G8: =CONCATENATE(IF('CLASS TT'!$F8=D$5,'CLASS TT'!$G8,""),IF('CLASS TT'!$J8=D$5,'CLASS TT'!$K8,""),IF('CLASS TT'!$N8=D$5,'CLASS TT'!$O8,""),IF('CLASS TT'!$R8=D$5,'CLASS TT'!$S8,""),IF('CLASS TT'!$V8=D$5,'CLASS TT'!$W8,""),IF('CLASS TT'!$Z8=D$5,'CLASS TT'!$AA8,""),IF('CLASS TT'!$AD8=D$5,'CLASS TT'!$AE8,""),IF('CLASS TT'!$AH8=D$5,'CLASS TT'!$AI8,""),IF('CLASS TT'!$AL8=D$5,'CLASS TT'!$AM8,""),IF('CLASS TT'!$AP8=D$5,'CLASS TT'!$AQ8,""),IF('CLASS TT'!$AT8=D$5,'CLASS TT'!$AU8,""),IF('CLASS TT'!$BB8=D$5,'CLASS TT'!$BC8,""),IF('CLASS TT'!$AX8=D$5,'CLASS TT'!$AY8,"")) | H8: =CONCATENATE(IF('CLASS TT'!$F8=H$5,CONCATENATE('CLASS TT'!$D$5,"-",'CLASS TT'!$D8),""),IF('CLASS TT'!$J8=H$5,CONCATENATE('CLASS TT'!$H$5,"-",'CLASS TT'!$H8),""),IF('CLASS TT'!$N8=H$5,CONCATENATE('CLASS TT'!$L$5,"-",'CLASS TT'!$L8),""),IF('CLASS TT'!$R8=H$5,CONCATENATE('CLASS TT'!$P$5,"-",'CLASS TT'!$P8),""),IF('CLASS TT'!$V8=H$5,CONCATENATE('CLASS TT'!$T$5,"-",'CLASS TT'!$T8),""),IF('CLASS TT'!$Z8=H$5,CONCATENATE('CLASS TT'!$X$5,"-",'CLASS TT'!$X8),""),IF('CLASS TT'!$AD8=H$5,CONCATENATE('CLASS TT'!$AB$5,"-",'CLASS TT'!$AB8),""),IF('CLASS TT'!$AH8=H$5,CONCATENATE('CLASS TT'!$AF$5,"-",'CLASS TT'!$AF8),""),IF('CLASS TT'!$AL8=H$5,CONCATENATE('CLASS TT'!$AJ$5,"-",'CLASS TT'!$AJ8),""),IF('CLASS TT'!$AP8=H$5,CONCATENATE('CLASS TT'!$AN$5,"-",'CLASS TT'!$AN8),""),IF('CLASS TT'!$AT8=H$5,CONCATENATE('CLASS TT'!$AR$5,"-",'CLASS TT'!$AR8),""),IF('CLASS TT'!$BB8=H$5,CONCATENATE('CLASS TT'!$AZ$5,"-",'CLASS TT'!$AZ8),""),IF('CLASS TT'!$AX8=H$5,CONCATENATE('CLASS TT'!$AV$5,"-",'CLASS TT'!$AV8),"")) -> D-5-MATHS-I | I8: =CONCATENATE(IF('CLASS TT'!$F8=H$5,'CLASS TT'!$E8,""),IF('CLASS TT'!$J8=H$5,'CLASS TT'!$I8,""),IF('CLASS TT'!$N8=H$5,'CLASS TT'!$M8,""),IF('CLASS TT'!$R8=H$5,'CLASS TT'!$Q8,""),IF('CLASS TT'!$V8=H$5,'CLASS TT'!$U8,""),IF('CLASS TT'!$Z8=H$5,'CLASS TT'!$Y8,""),IF('CLASS TT'!$AD8=H$5,'CLASS TT'!$AC8,""),IF('CLASS TT'!$AH8=H$5,'CLASS TT'!$AG8,""),IF('CLASS TT'!$AL8=H$5,'CLASS TT'!$AK8,""),IF('CLASS TT'!$AP8=H$5,'CLASS TT'!$AO8,""),IF('CLASS TT'!$AT8=H$5,'CLASS TT'!$AS8,""),IF('CLASS TT'!$BB8=H$5,'CLASS TT'!$BA8,"")) -> 0 | J8: =CONCATENATE(IF('CLASS TT'!$F8=H$5,'CLASS TT'!$F8,""),IF('CLASS TT'!$J8=H$5,'CLASS TT'!$J8,""),IF('CLASS TT'!$N8=H$5,'CLASS TT'!$N8,""),IF('CLASS TT'!$R8=H$5,'CLASS TT'!$R8,""),IF('CLASS TT'!$V8=H$5,'CLASS TT'!$V8,""),IF('CLASS TT'!$Z8=H$5,'CLASS TT'!$Z8,""),IF('CLASS TT'!$AD8=H$5,'CLASS TT'!$AD8,""),IF('CLASS TT'!$AH8=H$5,'CLASS TT'!$AH8,""),IF('CLASS TT'!$AL8=H$5,'CLASS TT'!$AL8,""),IF('CLASS TT'!$AP8=H$5,'CLASS TT'!$AP8,""),IF('CLASS TT'!$AT8=H$5,'CLASS TT'!$AT8,""),IF('CLASS TT'!$BB8=H$5,'CLASS TT'!$BB8,""),IF('CLASS TT'!$AX8=H$5,'CLASS TT'!$AX8,"")) -> AMS | K8: =CONCATENATE(IF('CLASS TT'!$F8=H$5,'CLASS TT'!$G8,""),IF('CLASS TT'!$J8=H$5,'CLASS TT'!$K8,""),IF('CLASS TT'!$N8=H$5,'CLASS TT'!$O8,""),IF('CLASS TT'!$R8=H$5,'CLASS TT'!$S8,""),IF('CLASS TT'!$V8=H$5,'CLASS TT'!$W8,""),IF('CLASS TT'!$Z8=H$5,'CLASS TT'!$AA8,""),IF('CLASS TT'!$AD8=H$5,'CLASS TT'!$AE8,""),IF('CLASS TT'!$AH8=H$5,'CLASS TT'!$AI8,""),IF('CLASS TT'!$AL8=H$5,'CLASS TT'!$AM8,""),IF('CLASS TT'!$AP8=H$5,'CLASS TT'!$AQ8,""),IF('CLASS TT'!$AT8=H$5,'CLASS TT'!$AU8,""),IF('CLASS TT'!$BB8=H$5,'CLASS TT'!$BC8,""),IF('CLASS TT'!$AX8=H$5,'CLASS TT'!$AY8,"")) -> 502 | L8: =CONCATENATE(IF('CLASS TT'!$F8=L$5,CONCATENATE('CLASS TT'!$D$5,"-",'CLASS TT'!$D8),""),IF('CLASS TT'!$J8=L$5,CONCATENATE('CLASS TT'!$H$5,"-",'CLASS TT'!$H8),""),IF('CLASS TT'!$N8=L$5,CONCATENATE('CLASS TT'!$L$5,"-",'CLASS TT'!$L8),""),IF('CLASS TT'!$R8=L$5,CONCATENATE('CLASS TT'!$P$5,"-",'CLASS TT'!$P8),""),IF('CLASS TT'!$V8=L$5,CONCATENATE('CLASS TT'!$T$5,"-",'CLASS TT'!$T8),""),IF('CLASS TT'!$Z8=L$5,CONCATENATE('CLASS TT'!$X$5,"-",'CLASS TT'!$X8),""),IF('CLASS TT'!$AD8=L$5,CONCATENATE('CLASS TT'!$AB$5,"-",'CLASS TT'!$AB8),""),IF('CLASS TT'!$AH8=L$5,CONCATENATE('CLASS TT'!$AF$5,"-",'CLASS TT'!$AF8),""),IF('CLASS TT'!$AL8=L$5,CONCATENATE('CLASS TT'!$AJ$5,"-",'CLASS TT'!$AJ8),""),IF('CLASS TT'!$AP8=L$5,CONCATENATE('CLASS TT'!$AN$5,"-",'CLASS TT'!$AN8),""),IF('CLASS TT'!$AT8=L$5,CONCATENATE('CLASS TT'!$AR$5,"-",'CLASS TT'!$AR8),""),IF('CLASS TT'!$BB8=L$5,CONCATENATE('CLASS TT'!$AZ$5,"-",'CLASS TT'!$AZ8),""),IF('CLASS TT'!$AX8=L$5,CONCATENATE('CLASS TT'!$AV$5,"-",'CLASS TT'!$AV8),"")) | M8: =CONCATENATE(IF('CLASS TT'!$F8=L$5,'CLASS TT'!$E8,""),IF('CLASS TT'!$J8=L$5,'CLASS TT'!$I8,""),IF('CLASS TT'!$N8=L$5,'CLASS TT'!$M8,""),IF('CLASS TT'!$R8=L$5,'CLASS TT'!$Q8,""),IF('CLASS TT'!$V8=L$5,'CLASS TT'!$U8,""),IF('CLASS TT'!$Z8=L$5,'CLASS TT'!$Y8,""),IF('CLASS TT'!$AD8=L$5,'CLASS TT'!$AC8,""),IF('CLASS TT'!$AH8=L$5,'CLASS TT'!$AG8,""),IF('CLASS TT'!$AL8=L$5,'CLASS TT'!$AK8,""),IF('CLASS TT'!$AP8=L$5,'CLASS TT'!$AO8,""),IF('CLASS TT'!$AT8=L$5,'CLASS TT'!$AS8,""),IF('CLASS TT'!$BB8=L$5,'CLASS TT'!$BA8,"")) | N8: =CONCATENATE(IF('CLASS TT'!$F8=L$5,'CLASS TT'!$F8,""),IF('CLASS TT'!$J8=L$5,'CLASS TT'!$J8,""),IF('CLASS TT'!$N8=L$5,'CLASS TT'!$N8,""),IF('CLASS TT'!$R8=L$5,'CLASS TT'!$R8,""),IF('CLASS TT'!$V8=L$5,'CLASS TT'!$V8,""),IF('CLASS TT'!$Z8=L$5,'CLASS TT'!$Z8,""),IF('CLASS TT'!$AD8=L$5,'CLASS TT'!$AD8,""),IF('CLASS TT'!$AH8=L$5,'CLASS TT'!$AH8,""),IF('CLASS TT'!$AL8=L$5,'CLASS TT'!$AL8,""),IF('CLASS TT'!$AP8=L$5,'CLASS TT'!$AP8,""),IF('CLASS TT'!$AT8=L$5,'CLASS TT'!$AT8,""),IF('CLASS TT'!$BB8=L$5,'CLASS TT'!$BB8,""),IF('CLASS TT'!$AX8=L$5,'CLASS TT'!$AX8,"")) | O8: =CONCATENATE(IF('CLASS TT'!$F8=L$5,'CLASS TT'!$G8,""),IF('CLASS TT'!$J8=L$5,'CLASS TT'!$K8,""),IF('CLASS TT'!$N8=L$5,'CLASS TT'!$O8,""),IF('CLASS TT'!$R8=L$5,'CLASS TT'!$S8,""),IF('CLASS TT'!$V8=L$5,'CLASS TT'!$W8,""),IF('CLASS TT'!$Z8=L$5,'CLASS TT'!$AA8,""),IF('CLASS TT'!$AD8=L$5,'CLASS TT'!$AE8,""),IF('CLASS TT'!$AH8=L$5,'CLASS TT'!$AI8,""),IF('CLASS TT'!$AL8=L$5,'CLASS TT'!$AM8,""),IF('CLASS TT'!$AP8=L$5,'CLASS TT'!$AQ8,""),IF('CLASS TT'!$AT8=L$5,'CLASS TT'!$AU8,""),IF('CLASS TT'!$BB8=L$5,'CLASS TT'!$BC8,""),IF('CLASS TT'!$AX8=L$5,'CLASS TT'!$AY8,"")) | P8: =CONCATENATE(IF('CLASS TT'!$F8=P$5,CONCATENATE('CLASS TT'!$D$5,"-",'CLASS TT'!$D8),""),IF('CLASS TT'!$J8=P$5,CONCATENATE('CLASS TT'!$H$5,"-",'CLASS TT'!$H8),""),IF('CLASS TT'!$N8=P$5,CONCATENATE('CLASS TT'!$L$5,"-",'CLASS TT'!$L8),""),IF('CLASS TT'!$R8=P$5,CONCATENATE('CLASS TT'!$P$5,"-",'CLASS TT'!$P8),""),IF('CLASS TT'!$V8=P$5,CONCATENATE('CLASS TT'!$T$5,"-",'CLASS TT'!$T8),""),IF('CLASS TT'!$Z8=P$5,CONCATENATE('CLASS TT'!$X$5,"-",'CLASS TT'!$X8),""),IF('CLASS TT'!$AD8=P$5,CONCATENATE('CLASS TT'!$AB$5,"-",'CLASS TT'!$AB8),""),IF('CLASS TT'!$AH8=P$5,CONCATENATE('CLASS TT'!$AF$5,"-",'CLASS TT'!$AF8),""),IF('CLASS TT'!$AL8=P$5,CONCATENATE('CLASS TT'!$AJ$5,"-",'CLASS TT'!$AJ8),""),IF('CLASS TT'!$AP8=P$5,CONCATENATE('CLASS TT'!$AN$5,"-",'CLASS TT'!$AN8),""),IF('CLASS TT'!$AT8=P$5,CONCATENATE('CLASS TT'!$AR$5,"-",'CLASS TT'!$AR8),""),IF('CLASS TT'!$BB8=P$5,CONCATENATE('CLASS TT'!$AZ$5,"-",'CLASS TT'!$AZ8),""),IF('CLASS TT'!$AX8=P$5,CONCATENATE('CLASS TT'!$AV$5,"-",'CLASS TT'!$AV8),"")) | Q8: =CONCATENATE(IF('CLASS TT'!$F8=P$5,'CLASS TT'!$E8,""),IF('CLASS TT'!$J8=P$5,'CLASS TT'!$I8,""),IF('CLASS TT'!$N8=P$5,'CLASS TT'!$M8,""),IF('CLASS TT'!$R8=P$5,'CLASS TT'!$Q8,""),IF('CLASS TT'!$V8=P$5,'CLASS TT'!$U8,""),IF('CLASS TT'!$Z8=P$5,'CLASS TT'!$Y8,""),IF('CLASS TT'!$AD8=P$5,'CLASS TT'!$AC8,""),IF('CLASS TT'!$AH8=P$5,'CLASS TT'!$AG8,""),IF('CLASS TT'!$AL8=P$5,'CLASS TT'!$AK8,""),IF('CLASS TT'!$AP8=P$5,'CLASS TT'!$AO8,""),IF('CLASS TT'!$AT8=P$5,'CLASS TT'!$AS8,""),IF('CLASS TT'!$BB8=P$5,'CLASS TT'!$BA8,"")) | R8: =CONCATENATE(IF('CLASS TT'!$F8=P$5,'CLASS TT'!$F8,""),IF('CLASS TT'!$J8=P$5,'CLASS TT'!$J8,""),IF('CLASS TT'!$N8=P$5,'CLASS TT'!$N8,""),IF('CLASS TT'!$R8=P$5,'CLASS TT'!$R8,""),IF('CLASS TT'!$V8=P$5,'CLASS TT'!$V8,""),IF('CLASS TT'!$Z8=P$5,'CLASS TT'!$Z8,""),IF('CLASS TT'!$AD8=P$5,'CLASS TT'!$AD8,""),IF('CLASS TT'!$AH8=P$5,'CLASS TT'!$AH8,""),IF('CLASS TT'!$AL8=P$5,'CLASS TT'!$AL8,""),IF('CLASS TT'!$AP8=P$5,'CLASS TT'!$AP8,""),IF('CLASS TT'!$AT8=P$5,'CLASS TT'!$AT8,""),IF('CLASS TT'!$BB8=P$5,'CLASS TT'!$BB8,""),IF('CLASS TT'!$AX8=P$5,'CLASS TT'!$AX8,"")) | S8: =CONCATENATE(IF('CLASS TT'!$F8=P$5,'CLASS TT'!$G8,""),IF('CLASS TT'!$J8=P$5,'CLASS TT'!$K8,""),IF('CLASS TT'!$N8=P$5,'CLASS TT'!$O8,""),IF('CLASS TT'!$R8=P$5,'CLASS TT'!$S8,""),IF('CLASS TT'!$V8=P$5,'CLASS TT'!$W8,""),IF('CLASS TT'!$Z8=P$5,'CLASS TT'!$AA8,""),IF('CLASS TT'!$AD8=P$5,'CLASS TT'!$AE8,""),IF('CLASS TT'!$AH8=P$5,'CLASS TT'!$AI8,""),IF('CLASS TT'!$AL8=P$5,'CLASS TT'!$AM8,""),IF('CLASS TT'!$AP8=P$5,'CLASS TT'!$AQ8,""),IF('CLASS TT'!$AT8=P$5,'CLASS TT'!$AU8,""),IF('CLASS TT'!$BB8=P$5,'CLASS TT'!$BC8,""),IF('CLASS TT'!$AX8=P$5,'CLASS TT'!$AY8,"")) | T8: =CONCATENATE(IF('CLASS TT'!$F8=T$5,CONCATENATE('CLASS TT'!$D$5,"-",'CLASS TT'!$D8),""),IF('CLASS TT'!$J8=T$5,CONCATENATE('CLASS TT'!$H$5,"-",'CLASS TT'!$H8),""),IF('CLASS TT'!$N8=T$5,CONCATENATE('CLASS TT'!$L$5,"-",'CLASS TT'!$L8),""),IF('CLASS TT'!$R8=T$5,CONCATENATE('CLASS TT'!$P$5,"-",'CLASS TT'!$P8),""),IF('CLASS TT'!$V8=T$5,CONCATENATE('CLASS TT'!$T$5,"-",'CLASS TT'!$T8),""),IF('CLASS TT'!$Z8=T$5,CONCATENATE('CLASS TT'!$X$5,"-",'CLASS TT'!$X8),""),IF('CLASS TT'!$AD8=T$5,CONCATENATE('CLASS TT'!$AB$5,"-",'CLASS TT'!$AB8),""),IF('CLASS TT'!$AH8=T$5,CONCATENATE('CLASS TT'!$AF$5,"-",'CLASS TT'!$AF8),""),IF('CLASS TT'!$AL8=T$5,CONCATENATE('CLASS TT'!$AJ$5,"-",'CLASS TT'!$AJ8),""),IF('CLASS TT'!$AP8=T$5,CONCATENATE('CLASS TT'!$AN$5,"-",'CLASS TT'!$AN8),""),IF('CLASS TT'!$AT8=T$5,CONCATENATE('CLASS TT'!$AR$5,"-",'CLASS TT'!$AR8),""),IF('CLASS TT'!$BB8=T$5,CONCATENATE('CLASS TT'!$AZ$5,"-",'CLASS TT'!$AZ8),""),IF('CLASS TT'!$AX8=T$5,CONCATENATE('CLASS TT'!$AV$5,"-",'CLASS TT'!$AV8),"")) | U8: =CONCATENATE(IF('CLASS TT'!$F8=T$5,'CLASS TT'!$E8,""),IF('CLASS TT'!$J8=T$5,'CLASS TT'!$I8,""),IF('CLASS TT'!$N8=T$5,'CLASS TT'!$M8,""),IF('CLASS TT'!$R8=T$5,'CLASS TT'!$Q8,""),IF('CLASS TT'!$V8=T$5,'CLASS TT'!$U8,""),IF('CLASS TT'!$Z8=T$5,'CLASS TT'!$Y8,""),IF('CLASS TT'!$AD8=T$5,'CLASS TT'!$AC8,""),IF('CLASS TT'!$AH8=T$5,'CLASS TT'!$AG8,""),IF('CLASS TT'!$AL8=T$5,'CLASS TT'!$AK8,""),IF('CLASS TT'!$AP8=T$5,'CLASS TT'!$AO8,""),IF('CLASS TT'!$AT8=T$5,'CLASS TT'!$AS8,""),IF('CLASS TT'!$BB8=T$5,'CLASS TT'!$BA8,"")) | V8: =CONCATENATE(IF('CLASS TT'!$F8=T$5,'CLASS TT'!$F8,""),IF('CLASS TT'!$J8=T$5,'CLASS TT'!$J8,""),IF('CLASS TT'!$N8=T$5,'CLASS TT'!$N8,""),IF('CLASS TT'!$R8=T$5,'CLASS TT'!$R8,""),IF('CLASS TT'!$V8=T$5,'CLASS TT'!$V8,""),IF('CLASS TT'!$Z8=T$5,'CLASS TT'!$Z8,""),IF('CLASS TT'!$AD8=T$5,'CLASS TT'!$AD8,""),IF('CLASS TT'!$AH8=T$5,'CLASS TT'!$AH8,""),IF('CLASS TT'!$AL8=T$5,'CLASS TT'!$AL8,""),IF('CLASS TT'!$AP8=T$5,'CLASS TT'!$AP8,""),IF('CLASS TT'!$AT8=T$5,'CLASS TT'!$AT8,""),IF('CLASS TT'!$BB8=T$5,'CLASS TT'!$BB8,""),IF('CLASS TT'!$AX8=T$5,'CLASS TT'!$AX8,"")) | W8: =CONCATENATE(IF('CLASS TT'!$F8=T$5,'CLASS TT'!$G8,""),IF('CLASS TT'!$J8=T$5,'CLASS TT'!$K8,""),IF('CLASS TT'!$N8=T$5,'CLASS TT'!$O8,""),IF('CLASS TT'!$R8=T$5,'CLASS TT'!$S8,""),IF('CLASS TT'!$V8=T$5,'CLASS TT'!$W8,""),IF('CLASS TT'!$Z8=T$5,'CLASS TT'!$AA8,""),IF('CLASS TT'!$AD8=T$5,'CLASS TT'!$AE8,""),IF('CLASS TT'!$AH8=T$5,'CLASS TT'!$AI8,""),IF('CLASS TT'!$AL8=T$5,'CLASS TT'!$AM8,""),IF('CLASS TT'!$AP8=T$5,'CLASS TT'!$AQ8,""),IF('CLASS TT'!$AT8=T$5,'CLASS TT'!$AU8,""),IF('CLASS TT'!$BB8=T$5,'CLASS TT'!$BC8,""),IF('CLASS TT'!$AX8=T$5,'CLASS TT'!$AY8,"")) | X8: =CONCATENATE(IF('CLASS TT'!$F8=X$5,CONCATENATE('CLASS TT'!$D$5,"-",'CLASS TT'!$D8),""),IF('CLASS TT'!$J8=X$5,CONCATENATE('CLASS TT'!$H$5,"-",'CLASS TT'!$H8),""),IF('CLASS TT'!$N8=X$5,CONCATENATE('CLASS TT'!$L$5,"-",'CLASS TT'!$L8),""),IF('CLASS TT'!$R8=X$5,CONCATENATE('CLASS TT'!$P$5,"-",'CLASS TT'!$P8),""),IF('CLASS TT'!$V8=X$5,CONCATENATE('CLASS TT'!$T$5,"-",'CLASS TT'!$T8),""),IF('CLASS TT'!$Z8=X$5,CONCATENATE('CLASS TT'!$X$5,"-",'CLASS TT'!$X8),""),IF('CLASS TT'!$AD8=X$5,CONCATENATE('CLASS TT'!$AB$5,"-",'CLASS TT'!$AB8),""),IF('CLASS TT'!$AH8=X$5,CONCATENATE('CLASS TT'!$AF$5,"-",'CLASS TT'!$AF8),""),IF('CLASS TT'!$AL8=X$5,CONCATENATE('CLASS TT'!$AJ$5,"-",'CLASS TT'!$AJ8),""),IF('CLASS TT'!$AP8=X$5,CONCATENATE('CLASS TT'!$AN$5,"-",'CLASS TT'!$AN8),""),IF('CLASS TT'!$AT8=X$5,CONCATENATE('CLASS TT'!$AR$5,"-",'CLASS TT'!$AR8),""),IF('CLASS TT'!$BB8=X$5,CONCATENATE('CLASS TT'!$AZ$5,"-",'CLASS TT'!$AZ8),""),IF('CLASS TT'!$AX8=X$5,CONCATENATE('CLASS TT'!$AV$5,"-",'CLASS TT'!$AV8),"")) -> D-3-PYTHON-I | Y8: =CONCATENATE(IF('CLASS TT'!$F8=X$5,'CLASS TT'!$E8,""),IF('CLASS TT'!$J8=X$5,'CLASS TT'!$I8,""),IF('CLASS TT'!$N8=X$5,'CLASS TT'!$M8,""),IF('CLASS TT'!$R8=X$5,'CLASS TT'!$Q8,""),IF('CLASS TT'!$V8=X$5,'CLASS TT'!$U8,""),IF('CLASS TT'!$Z8=X$5,'CLASS TT'!$Y8,""),IF('CLASS TT'!$AD8=X$5,'CLASS TT'!$AC8,""),IF('CLASS TT'!$AH8=X$5,'CLASS TT'!$AG8,""),IF('CLASS TT'!$AL8=X$5,'CLASS TT'!$AK8,""),IF('CLASS TT'!$AP8=X$5,'CLASS TT'!$AO8,""),IF('CLASS TT'!$AT8=X$5,'CLASS TT'!$AS8,""),IF('CLASS TT'!$BB8=X$5,'CLASS TT'!$BA8,"")) -> 0 | Z8: =CONCATENATE(IF('CLASS TT'!$F8=X$5,'CLASS TT'!$F8,""),IF('CLASS TT'!$J8=X$5,'CLASS TT'!$J8,""),IF('CLASS TT'!$N8=X$5,'CLASS TT'!$N8,""),IF('CLASS TT'!$R8=X$5,'CLASS TT'!$R8,""),IF('CLASS TT'!$V8=X$5,'CLASS TT'!$V8,""),IF('CLASS TT'!$Z8=X$5,'CLASS TT'!$Z8,""),IF('CLASS TT'!$AD8=X$5,'CLASS TT'!$AD8,""),IF('CLASS TT'!$AH8=X$5,'CLASS TT'!$AH8,""),IF('CLASS TT'!$AL8=X$5,'CLASS TT'!$AL8,""),IF('CLASS TT'!$AP8=X$5,'CLASS TT'!$AP8,""),IF('CLASS TT'!$AT8=X$5,'CLASS TT'!$AT8,""),IF('CLASS TT'!$BB8=X$5,'CLASS TT'!$BB8,""),IF('CLASS TT'!$AX8=X$5,'CLASS TT'!$AX8,"")) -> JPM | AA8: =CONCATENATE(IF('CLASS TT'!$F8=X$5,'CLASS TT'!$G8,""),IF('CLASS TT'!$J8=X$5,'CLASS TT'!$K8,""),IF('CLASS TT'!$N8=X$5,'CLASS TT'!$O8,""),IF('CLASS TT'!$R8=X$5,'CLASS TT'!$S8,""),IF('CLASS TT'!$V8=X$5,'CLASS TT'!$W8,""),IF('CLASS TT'!$Z8=X$5,'CLASS TT'!$AA8,""),IF('CLASS TT'!$AD8=X$5,'CLASS TT'!$AE8,""),IF('CLASS TT'!$AH8=X$5,'CLASS TT'!$AI8,""),IF('CLASS TT'!$AL8=X$5,'CLASS TT'!$AM8,""),IF('CLASS TT'!$AP8=X$5,'CLASS TT'!$AQ8,""),IF('CLASS TT'!$AT8=X$5,'CLASS TT'!$AU8,""),IF('CLASS TT'!$BB8=X$5,'CLASS TT'!$BC8,""),IF('CLASS TT'!$AX8=X$5,'CLASS TT'!$AY8,"")) -> 506-B | AB8: =CONCATENATE(IF('CLASS TT'!$F8=AB$5,CONCATENATE('CLASS TT'!$D$5,"-",'CLASS TT'!$D8),""),IF('CLASS TT'!$J8=AB$5,CONCATENATE('CLASS TT'!$H$5,"-",'CLASS TT'!$H8),""),IF('CLASS TT'!$N8=AB$5,CONCATENATE('CLASS TT'!$L$5,"-",'CLASS TT'!$L8),""),IF('CLASS TT'!$R8=AB$5,CONCATENATE('CLASS TT'!$P$5,"-",'CLASS TT'!$P8),""),IF('CLASS TT'!$V8=AB$5,CONCATENATE('CLASS TT'!$T$5,"-",'CLASS TT'!$T8),""),IF('CLASS TT'!$Z8=AB$5,CONCATENATE('CLASS TT'!$X$5,"-",'CLASS TT'!$X8),""),IF('CLASS TT'!$AD8=AB$5,CONCATENATE('CLASS TT'!$AB$5,"-",'CLASS TT'!$AB8),""),IF('CLASS TT'!$AH8=AB$5,CONCATENATE('CLASS TT'!$AF$5,"-",'CLASS TT'!$AF8),""),IF('CLASS TT'!$AL8=AB$5,CONCATENATE('CLASS TT'!$AJ$5,"-",'CLASS TT'!$AJ8),""),IF('CLASS TT'!$AP8=AB$5,CONCATENATE('CLASS TT'!$AN$5,"-",'CLASS TT'!$AN8),""),IF('CLASS TT'!$AT8=AB$5,CONCATENATE('CLASS TT'!$AR$5,"-",'CLASS TT'!$AR8),""),IF('CLASS TT'!$BB8=AB$5,CONCATENATE('CLASS TT'!$AZ$5,"-",'CLASS TT'!$AZ8),""),IF('CLASS TT'!$AX8=AB$5,CONCATENATE('CLASS TT'!$AV$5,"-",'CLASS TT'!$AV8),"")) -> D-4-PYTHON-I | AC8: =CONCATENATE(IF('CLASS TT'!$F8=AB$5,'CLASS TT'!$E8,""),IF('CLASS TT'!$J8=AB$5,'CLASS TT'!$I8,""),IF('CLASS TT'!$N8=AB$5,'CLASS TT'!$M8,""),IF('CLASS TT'!$R8=AB$5,'CLASS TT'!$Q8,""),IF('CLASS TT'!$V8=AB$5,'CLASS TT'!$U8,""),IF('CLASS TT'!$Z8=AB$5,'CLASS TT'!$Y8,""),IF('CLASS TT'!$AD8=AB$5,'CLASS TT'!$AC8,""),IF('CLASS TT'!$AH8=AB$5,'CLASS TT'!$AG8,""),IF('CLASS TT'!$AL8=AB$5,'CLASS TT'!$AK8,""),IF('CLASS TT'!$AP8=AB$5,'CLASS TT'!$AO8,""),IF('CLASS TT'!$AT8=AB$5,'CLASS TT'!$AS8,""),IF('CLASS TT'!$BB8=AB$5,'CLASS TT'!$BA8,"")) -> 0 | AD8: =CONCATENATE(IF('CLASS TT'!$F8=AB$5,'CLASS TT'!$F8,""),IF('CLASS TT'!$J8=AB$5,'CLASS TT'!$J8,""),IF('CLASS TT'!$N8=AB$5,'CLASS TT'!$N8,""),IF('CLASS TT'!$R8=AB$5,'CLASS TT'!$R8,""),IF('CLASS TT'!$V8=AB$5,'CLASS TT'!$V8,""),IF('CLASS TT'!$Z8=AB$5,'CLASS TT'!$Z8,""),IF('CLASS TT'!$AD8=AB$5,'CLASS TT'!$AD8,""),IF('CLASS TT'!$AH8=AB$5,'CLASS TT'!$AH8,""),IF('CLASS TT'!$AL8=AB$5,'CLASS TT'!$AL8,""),IF('CLASS TT'!$AP8=AB$5,'CLASS TT'!$AP8,""),IF('CLASS TT'!$AT8=AB$5,'CLASS TT'!$AT8,""),IF('CLASS TT'!$BB8=AB$5,'CLASS TT'!$BB8,""),IF('CLASS TT'!$AX8=AB$5,'CLASS TT'!$AX8,"")) -> HDS | AE8: =CONCATENATE(IF('CLASS TT'!$F8=AB$5,'CLASS TT'!$G8,""),IF('CLASS TT'!$J8=AB$5,'CLASS TT'!$K8,""),IF('CLASS TT'!$N8=AB$5,'CLASS TT'!$O8,""),IF('CLASS TT'!$R8=AB$5,'CLASS TT'!$S8,""),IF('CLASS TT'!$V8=AB$5,'CLASS TT'!$W8,""),IF('CLASS TT'!$Z8=AB$5,'CLASS TT'!$AA8,""),IF('CLASS TT'!$AD8=AB$5,'CLASS TT'!$AE8,""),IF('CLASS TT'!$AH8=AB$5,'CLASS TT'!$AI8,""),IF('CLASS TT'!$AL8=AB$5,'CLASS TT'!$AM8,""),IF('CLASS TT'!$AP8=AB$5,'CLASS TT'!$AQ8,""),IF('CLASS TT'!$AT8=AB$5,'CLASS TT'!$AU8,""),IF('CLASS TT'!$BB8=AB$5,'CLASS TT'!$BC8,""),IF('CLASS TT'!$AX8=AB$5,'CLASS TT'!$AY8,"")) -> 506-C | AF8: =CONCATENATE(IF('CLASS TT'!$F8=AF$5,CONCATENATE('CLASS TT'!$D$5,"-",'CLASS TT'!$D8),""),IF('CLASS TT'!$J8=AF$5,CONCATENATE('CLASS TT'!$H$5,"-",'CLASS TT'!$H8),""),IF('CLASS TT'!$N8=AF$5,CONCATENATE('CLASS TT'!$L$5,"-",'CLASS TT'!$L8),""),IF('CLASS TT'!$R8=AF$5,CONCATENATE('CLASS TT'!$P$5,"-",'CLASS TT'!$P8),""),IF('CLASS TT'!$V8=AF$5,CONCATENATE('CLASS TT'!$T$5,"-",'CLASS TT'!$T8),""),IF('CLASS TT'!$Z8=AF$5,CONCATENATE('CLASS TT'!$X$5,"-",'CLASS TT'!$X8),""),IF('CLASS TT'!$AD8=AF$5,CONCATENATE('CLASS TT'!$AB$5,"-",'CLASS TT'!$AB8),""),IF('CLASS TT'!$AH8=AF$5,CONCATENATE('CLASS TT'!$AF$5,"-",'CLASS TT'!$AF8),""),IF('CLASS TT'!$AL8=AF$5,CONCATENATE('CLASS TT'!$AJ$5,"-",'CLASS TT'!$AJ8),""),IF('CLASS TT'!$AP8=AF$5,CONCATENATE('CLASS TT'!$AN$5,"-",'CLASS TT'!$AN8),""),IF('CLASS TT'!$AT8=AF$5,CONCATENATE('CLASS TT'!$AR$5,"-",'CLASS TT'!$AR8),""),IF('CLASS TT'!$BB8=AF$5,CONCATENATE('CLASS TT'!$AZ$5,"-",'CLASS TT'!$AZ8),""),IF('CLASS TT'!$AX8=AF$5,CONCATENATE('CLASS TT'!$AV$5,"-",'CLASS TT'!$AV8),"")) -> D-8-0D-9-0C-10-0A-11-0-0-8:45am to 9:45am | AG8: =CONCATENATE(IF('CLASS TT'!$F8=AF$5,'CLASS TT'!$E8,""),IF('CLASS TT'!$J8=AF$5,'CLASS TT'!$I8,""),IF('CLASS TT'!$N8=AF$5,'CLASS TT'!$M8,""),IF('CLASS TT'!$R8=AF$5,'CLASS TT'!$Q8,""),IF('CLASS TT'!$V8=AF$5,'CLASS TT'!$U8,""),IF('CLASS TT'!$Z8=AF$5,'CLASS TT'!$Y8,""),IF('CLASS TT'!$AD8=AF$5,'CLASS TT'!$AC8,""),IF('CLASS TT'!$AH8=AF$5,'CLASS TT'!$AG8,""),IF('CLASS TT'!$AL8=AF$5,'CLASS TT'!$AK8,""),IF('CLASS TT'!$AP8=AF$5,'CLASS TT'!$AO8,""),IF('CLASS TT'!$AT8=AF$5,'CLASS TT'!$AS8,""),IF('CLASS TT'!$BB8=AF$5,'CLASS TT'!$BA8,"")) -> 00000 | AH8: =CONCATENATE(IF('CLASS TT'!$F8=AF$5,'CLASS TT'!$F8,""),IF('CLASS TT'!$J8=AF$5,'CLASS TT'!$J8,""),IF('CLASS TT'!$N8=AF$5,'CLASS TT'!$N8,""),IF('CLASS TT'!$R8=AF$5,'CLASS TT'!$R8,""),IF('CLASS TT'!$V8=AF$5,'CLASS TT'!$V8,""),IF('CLASS TT'!$Z8=AF$5,'CLASS TT'!$Z8,""),IF('CLASS TT'!$AD8=AF$5,'CLASS TT'!$AD8,""),IF('CLASS TT'!$AH8=AF$5,'CLASS TT'!$AH8,""),IF('CLASS TT'!$AL8=AF$5,'CLASS TT'!$AL8,""),IF('CLASS TT'!$AP8=AF$5,'CLASS TT'!$AP8,""),IF('CLASS TT'!$AT8=AF$5,'CLASS TT'!$AT8,""),IF('CLASS TT'!$BB8=AF$5,'CLASS TT'!$BB8,""),IF('CLASS TT'!$AX8=AF$5,'CLASS TT'!$AX8,"")) -> 000000 | AI8: =CONCATENATE(IF('CLASS TT'!$F8=AF$5,'CLASS TT'!$G8,""),IF('CLASS TT'!$J8=AF$5,'CLASS TT'!$K8,""),IF('CLASS TT'!$N8=AF$5,'CLASS TT'!$O8,""),IF('CLASS TT'!$R8=AF$5,'CLASS TT'!$S8,""),IF('CLASS TT'!$V8=AF$5,'CLASS TT'!$W8,""),IF('CLASS TT'!$Z8=AF$5,'CLASS TT'!$AA8,""),IF('CLASS TT'!$AD8=AF$5,'CLASS TT'!$AE8,""),IF('CLASS TT'!$AH8=AF$5,'CLASS TT'!$AI8,""),IF('CLASS TT'!$AL8=AF$5,'CLASS TT'!$AM8,""),IF('CLASS TT'!$AP8=AF$5,'CLASS TT'!$AQ8,""),IF('CLASS TT'!$AT8=AF$5,'CLASS TT'!$AU8,""),IF('CLASS TT'!$BB8=AF$5,'CLASS TT'!$BC8,""),IF('CLASS TT'!$AX8=AF$5,'CLASS TT'!$AY8,"")) -> 000100 | AJ8: =CONCATENATE(IF('CLASS TT'!$F8=AJ$5,CONCATENATE('CLASS TT'!$D$5,"-",'CLASS TT'!$D8),""),IF('CLASS TT'!$J8=AJ$5,CONCATENATE('CLASS TT'!$H$5,"-",'CLASS TT'!$H8),""),IF('CLASS TT'!$N8=AJ$5,CONCATENATE('CLASS TT'!$L$5,"-",'CLASS TT'!$L8),""),IF('CLASS TT'!$R8=AJ$5,CONCATENATE('CLASS TT'!$P$5,"-",'CLASS TT'!$P8),""),IF('CLASS TT'!$V8=AJ$5,CONCATENATE('CLASS TT'!$T$5,"-",'CLASS TT'!$T8),""),IF('CLASS TT'!$Z8=AJ$5,CONCATENATE('CLASS TT'!$X$5,"-",'CLASS TT'!$X8),""),IF('CLASS TT'!$AD8=AJ$5,CONCATENATE('CLASS TT'!$AB$5,"-",'CLASS TT'!$AB8),""),IF('CLASS TT'!$AH8=AJ$5,CONCATENATE('CLASS TT'!$AF$5,"-",'CLASS TT'!$AF8),""),IF('CLASS TT'!$AL8=AJ$5,CONCATENATE('CLASS TT'!$AJ$5,"-",'CLASS TT'!$AJ8),""),IF('CLASS TT'!$AP8=AJ$5,CONCATENATE('CLASS TT'!$AN$5,"-",'CLASS TT'!$AN8),""),IF('CLASS TT'!$AT8=AJ$5,CONCATENATE('CLASS TT'!$AR$5,"-",'CLASS TT'!$AR8),""),IF('CLASS TT'!$BB8=AJ$5,CONCATENATE('CLASS TT'!$AZ$5,"-",'CLASS TT'!$AZ8),""),IF('CLASS TT'!$AX8=AJ$5,CONCATENATE('CLASS TT'!$AV$5,"-",'CLASS TT'!$AV8),"")) -> D-6-PYTHON-I | AK8: =CONCATENATE(IF('CLASS TT'!$F8=AJ$5,'CLASS TT'!$E8,""),IF('CLASS TT'!$J8=AJ$5,'CLASS TT'!$I8,""),IF('CLASS TT'!$N8=AJ$5,'CLASS TT'!$M8,""),IF('CLASS TT'!$R8=AJ$5,'CLASS TT'!$Q8,""),IF('CLASS TT'!$V8=AJ$5,'CLASS TT'!$U8,""),IF('CLASS TT'!$Z8=AJ$5,'CLASS TT'!$Y8,""),IF('CLASS TT'!$AD8=AJ$5,'CLASS TT'!$AC8,""),IF('CLASS TT'!$AH8=AJ$5,'CLASS TT'!$AG8,""),IF('CLASS TT'!$AL8=AJ$5,'CLASS TT'!$AK8,""),IF('CLASS TT'!$AP8=AJ$5,'CLASS TT'!$AO8,""),IF('CLASS TT'!$AT8=AJ$5,'CLASS TT'!$AS8,""),IF('CLASS TT'!$BB8=AJ$5,'CLASS TT'!$BA8,"")) -> 0 | AL8: =CONCATENATE(IF('CLASS TT'!$F8=AJ$5,'CLASS TT'!$F8,""),IF('CLASS TT'!$J8=AJ$5,'CLASS TT'!$J8,""),IF('CLASS TT'!$N8=AJ$5,'CLASS TT'!$N8,""),IF('CLASS TT'!$R8=AJ$5,'CLASS TT'!$R8,""),IF('CLASS TT'!$V8=AJ$5,'CLASS TT'!$V8,""),IF('CLASS TT'!$Z8=AJ$5,'CLASS TT'!$Z8,""),IF('CLASS TT'!$AD8=AJ$5,'CLASS TT'!$AD8,""),IF('CLASS TT'!$AH8=AJ$5,'CLASS TT'!$AH8,""),IF('CLASS TT'!$AL8=AJ$5,'CLASS TT'!$AL8,""),IF('CLASS TT'!$AP8=AJ$5,'CLASS TT'!$AP8,""),IF('CLASS TT'!$AT8=AJ$5,'CLASS TT'!$AT8,""),IF('CLASS TT'!$BB8=AJ$5,'CLASS TT'!$BB8,""),IF('CLASS TT'!$AX8=AJ$5,'CLASS TT'!$AX8,"")) -> MDP | AM8: =CONCATENATE(IF('CLASS TT'!$F8=AJ$5,'CLASS TT'!$G8,""),IF('CLASS TT'!$J8=AJ$5,'CLASS TT'!$K8,""),IF('CLASS TT'!$N8=AJ$5,'CLASS TT'!$O8,""),IF('CLASS TT'!$R8=AJ$5,'CLASS TT'!$S8,""),IF('CLASS TT'!$V8=AJ$5,'CLASS TT'!$W8,""),IF('CLASS TT'!$Z8=AJ$5,'CLASS TT'!$AA8,""),IF('CLASS TT'!$AD8=AJ$5,'CLASS TT'!$AE8,""),IF('CLASS TT'!$AH8=AJ$5,'CLASS TT'!$AI8,""),IF('CLASS TT'!$AL8=AJ$5,'CLASS TT'!$AM8,""),IF('CLASS TT'!$AP8=AJ$5,'CLASS TT'!$AQ8,""),IF('CLASS TT'!$AT8=AJ$5,'CLASS TT'!$AU8,""),IF('CLASS TT'!$BB8=AJ$5,'CLASS TT'!$BC8,""),IF('CLASS TT'!$AX8=AJ$5,'CLASS TT'!$AY8,"")) -> 506-D | AN8: =CONCATENATE(IF('CLASS TT'!$F8=AN$5,CONCATENATE('CLASS TT'!$D$5,"-",'CLASS TT'!$D8),""),IF('CLASS TT'!$J8=AN$5,CONCATENATE('CLASS TT'!$H$5,"-",'CLASS TT'!$H8),""),IF('CLASS TT'!$N8=AN$5,CONCATENATE('CLASS TT'!$L$5,"-",'CLASS TT'!$L8),""),IF('CLASS TT'!$R8=AN$5,CONCATENATE('CLASS TT'!$P$5,"-",'CLASS TT'!$P8),""),IF('CLASS TT'!$V8=AN$5,CONCATENATE('CLASS TT'!$T$5,"-",'CLASS TT'!$T8),""),IF('CLASS TT'!$Z8=AN$5,CONCATENATE('CLASS TT'!$X$5,"-",'CLASS TT'!$X8),""),IF('CLASS TT'!$AD8=AN$5,CONCATENATE('CLASS TT'!$AB$5,"-",'CLASS TT'!$AB8),""),IF('CLASS TT'!$AH8=AN$5,CONCATENATE('CLASS TT'!$AF$5,"-",'CLASS TT'!$AF8),""),IF('CLASS TT'!$AL8=AN$5,CONCATENATE('CLASS TT'!$AJ$5,"-",'CLASS TT'!$AJ8),""),IF('CLASS TT'!$AP8=AN$5,CONCATENATE('CLASS TT'!$AN$5,"-",'CLASS TT'!$AN8),""),IF('CLASS TT'!$AT8=AN$5,CONCATENATE('CLASS TT'!$AR$5,"-",'CLASS TT'!$AR8),""),IF('CLASS TT'!$BB8=AN$5,CONCATENATE('CLASS TT'!$AZ$5,"-",'CLASS TT'!$AZ8),""),IF('CLASS TT'!$AX8=AN$5,CONCATENATE('CLASS TT'!$AV$5,"-",'CLASS TT'!$AV8),"")) -> D-7-SE | AO8: =CONCATENATE(IF('CLASS TT'!$F8=AN$5,'CLASS TT'!$E8,""),IF('CLASS TT'!$J8=AN$5,'CLASS TT'!$I8,""),IF('CLASS TT'!$N8=AN$5,'CLASS TT'!$M8,""),IF('CLASS TT'!$R8=AN$5,'CLASS TT'!$Q8,""),IF('CLASS TT'!$V8=AN$5,'CLASS TT'!$U8,""),IF('CLASS TT'!$Z8=AN$5,'CLASS TT'!$Y8,""),IF('CLASS TT'!$AD8=AN$5,'CLASS TT'!$AC8,""),IF('CLASS TT'!$AH8=AN$5,'CLASS TT'!$AG8,""),IF('CLASS TT'!$AL8=AN$5,'CLASS TT'!$AK8,""),IF('CLASS TT'!$AP8=AN$5,'CLASS TT'!$AO8,""),IF('CLASS TT'!$AT8=AN$5,'CLASS TT'!$AS8,""),IF('CLASS TT'!$BB8=AN$5,'CLASS TT'!$BA8,"")) -> 0 | AP8: =CONCATENATE(IF('CLASS TT'!$F8=AN$5,'CLASS TT'!$F8,""),IF('CLASS TT'!$J8=AN$5,'CLASS TT'!$J8,""),IF('CLASS TT'!$N8=AN$5,'CLASS TT'!$N8,""),IF('CLASS TT'!$R8=AN$5,'CLASS TT'!$R8,""),IF('CLASS TT'!$V8=AN$5,'CLASS TT'!$V8,""),IF('CLASS TT'!$Z8=AN$5,'CLASS TT'!$Z8,""),IF('CLASS TT'!$AD8=AN$5,'CLASS TT'!$AD8,""),IF('CLASS TT'!$AH8=AN$5,'CLASS TT'!$AH8,""),IF('CLASS TT'!$AL8=AN$5,'CLASS TT'!$AL8,""),IF('CLASS TT'!$AP8=AN$5,'CLASS TT'!$AP8,""),IF('CLASS TT'!$AT8=AN$5,'CLASS TT'!$AT8,""),IF('CLASS TT'!$BB8=AN$5,'CLASS TT'!$BB8,""),IF('CLASS TT'!$AX8=AN$5,'CLASS TT'!$AX8,"")) -> IRS | AQ8: =CONCATENATE(IF('CLASS TT'!$F8=AN$5,'CLASS TT'!$G8,""),IF('CLASS TT'!$J8=AN$5,'CLASS TT'!$K8,""),IF('CLASS TT'!$N8=AN$5,'CLASS TT'!$O8,""),IF('CLASS TT'!$R8=AN$5,'CLASS TT'!$S8,""),IF('CLASS TT'!$V8=AN$5,'CLASS TT'!$W8,""),IF('CLASS TT'!$Z8=AN$5,'CLASS TT'!$AA8,""),IF('CLASS TT'!$AD8=AN$5,'CLASS TT'!$AE8,""),IF('CLASS TT'!$AH8=AN$5,'CLASS TT'!$AI8,""),IF('CLASS TT'!$AL8=AN$5,'CLASS TT'!$AM8,""),IF('CLASS TT'!$AP8=AN$5,'CLASS TT'!$AQ8,""),IF('CLASS TT'!$AT8=AN$5,'CLASS TT'!$AU8,""),IF('CLASS TT'!$BB8=AN$5,'CLASS TT'!$BC8,""),IF('CLASS TT'!$AX8=AN$5,'CLASS TT'!$AY8,"")) -> 506-A | AR8: =CONCATENATE(IF('CLASS TT'!$F8=AR$5,CONCATENATE('CLASS TT'!$D$5,"-",'CLASS TT'!$D8),""),IF('CLASS TT'!$J8=AR$5,CONCATENATE('CLASS TT'!$H$5,"-",'CLASS TT'!$H8),""),IF('CLASS TT'!$N8=AR$5,CONCATENATE('CLASS TT'!$L$5,"-",'CLASS TT'!$L8),""),IF('CLASS TT'!$R8=AR$5,CONCATENATE('CLASS TT'!$P$5,"-",'CLASS TT'!$P8),""),IF('CLASS TT'!$V8=AR$5,CONCATENATE('CLASS TT'!$T$5,"-",'CLASS TT'!$T8),""),IF('CLASS TT'!$Z8=AR$5,CONCATENATE('CLASS TT'!$X$5,"-",'CLASS TT'!$X8),""),IF('CLASS TT'!$AD8=AR$5,CONCATENATE('CLASS TT'!$AB$5,"-",'CLASS TT'!$AB8),""),IF('CLASS TT'!$AH8=AR$5,CONCATENATE('CLASS TT'!$AF$5,"-",'CLASS TT'!$AF8),""),IF('CLASS TT'!$AL8=AR$5,CONCATENATE('CLASS TT'!$AJ$5,"-",'CLASS TT'!$AJ8),""),IF('CLASS TT'!$AP8=AR$5,CONCATENATE('CLASS TT'!$AN$5,"-",'CLASS TT'!$AN8),""),IF('CLASS TT'!$AT8=AR$5,CONCATENATE('CLASS TT'!$AR$5,"-",'CLASS TT'!$AR8),""),IF('CLASS TT'!$BB8=AR$5,CONCATENATE('CLASS TT'!$AZ$5,"-",'CLASS TT'!$AZ8),""),IF('CLASS TT'!$AX8=AR$5,CONCATENATE('CLASS TT'!$AV$5,"-",'CLASS TT'!$AV8),"")) -> D-1-ESD-2-ES | AS8: =CONCATENATE(IF('CLASS TT'!$F8=AR$5,'CLASS TT'!$E8,""),IF('CLASS TT'!$J8=AR$5,'CLASS TT'!$I8,""),IF('CLASS TT'!$N8=AR$5,'CLASS TT'!$M8,""),IF('CLASS TT'!$R8=AR$5,'CLASS TT'!$Q8,""),IF('CLASS TT'!$V8=AR$5,'CLASS TT'!$U8,""),IF('CLASS TT'!$Z8=AR$5,'CLASS TT'!$Y8,""),IF('CLASS TT'!$AD8=AR$5,'CLASS TT'!$AC8,""),IF('CLASS TT'!$AH8=AR$5,'CLASS TT'!$AG8,""),IF('CLASS TT'!$AL8=AR$5,'CLASS TT'!$AK8,""),IF('CLASS TT'!$AP8=AR$5,'CLASS TT'!$AO8,""),IF('CLASS TT'!$AT8=AR$5,'CLASS TT'!$AS8,""),IF('CLASS TT'!$BB8=AR$5,'CLASS TT'!$BA8,"")) -> 00 | AT8: =CONCATENATE(IF('CLASS TT'!$F8=AR$5,'CLASS TT'!$F8,""),IF('CLASS TT'!$J8=AR$5,'CLASS TT'!$J8,""),IF('CLASS TT'!$N8=AR$5,'CLASS TT'!$N8,""),IF('CLASS TT'!$R8=AR$5,'CLASS TT'!$R8,""),IF('CLASS TT'!$V8=AR$5,'CLASS TT'!$V8,""),IF('CLASS TT'!$Z8=AR$5,'CLASS TT'!$Z8,""),IF('CLASS TT'!$AD8=AR$5,'CLASS TT'!$AD8,""),IF('CLASS TT'!$AH8=AR$5,'CLASS TT'!$AH8,""),IF('CLASS TT'!$AL8=AR$5,'CLASS TT'!$AL8,""),IF('CLASS TT'!$AP8=AR$5,'CLASS TT'!$AP8,""),IF('CLASS TT'!$AT8=AR$5,'CLASS TT'!$AT8,""),IF('CLASS TT'!$BB8=AR$5,'CLASS TT'!$BB8,""),IF('CLASS TT'!$AX8=AR$5,'CLASS TT'!$AX8,"")) -> NNDNND | AU8: =CONCATENATE(IF('CLASS TT'!$F8=AR$5,'CLASS TT'!$G8,""),IF('CLASS TT'!$J8=AR$5,'CLASS TT'!$K8,""),IF('CLASS TT'!$N8=AR$5,'CLASS TT'!$O8,""),IF('CLASS TT'!$R8=AR$5,'CLASS TT'!$S8,""),IF('CLASS TT'!$V8=AR$5,'CLASS TT'!$W8,""),IF('CLASS TT'!$Z8=AR$5,'CLASS TT'!$AA8,""),IF('CLASS TT'!$AD8=AR$5,'CLASS TT'!$AE8,""),IF('CLASS TT'!$AH8=AR$5,'CLASS TT'!$AI8,""),IF('CLASS TT'!$AL8=AR$5,'CLASS TT'!$AM8,""),IF('CLASS TT'!$AP8=AR$5,'CLASS TT'!$AQ8,""),IF('CLASS TT'!$AT8=AR$5,'CLASS TT'!$AU8,""),IF('CLASS TT'!$BB8=AR$5,'CLASS TT'!$BC8,""),IF('CLASS TT'!$AX8=AR$5,'CLASS TT'!$AY8,"")) -> 501501 | AV8: =CONCATENATE(IF('CLASS TT'!$F8=AV$5,CONCATENATE('CLASS TT'!$D$5,"-",'CLASS TT'!$D8),""),IF('CLASS TT'!$J8=AV$5,CONCATENATE('CLASS TT'!$H$5,"-",'CLASS TT'!$H8),""),IF('CLASS TT'!$N8=AV$5,CONCATENATE('CLASS TT'!$L$5,"-",'CLASS TT'!$L8),""),IF('CLASS TT'!$R8=AV$5,CONCATENATE('CLASS TT'!$P$5,"-",'CLASS TT'!$P8),""),IF('CLASS TT'!$V8=AV$5,CONCATENATE('CLASS TT'!$T$5,"-",'CLASS TT'!$T8),""),IF('CLASS TT'!$Z8=AV$5,CONCATENATE('CLASS TT'!$X$5,"-",'CLASS TT'!$X8),""),IF('CLASS TT'!$AD8=AV$5,CONCATENATE('CLASS TT'!$AB$5,"-",'CLASS TT'!$AB8),""),IF('CLASS TT'!$AH8=AV$5,CONCATENATE('CLASS TT'!$AF$5,"-",'CLASS TT'!$AF8),""),IF('CLASS TT'!$AL8=AV$5,CONCATENATE('CLASS TT'!$AJ$5,"-",'CLASS TT'!$AJ8),""),IF('CLASS TT'!$AP8=AV$5,CONCATENATE('CLASS TT'!$AN$5,"-",'CLASS TT'!$AN8),""),IF('CLASS TT'!$AT8=AV$5,CONCATENATE('CLASS TT'!$AR$5,"-",'CLASS TT'!$AR8),""),IF('CLASS TT'!$BB8=AV$5,CONCATENATE('CLASS TT'!$AZ$5,"-",'CLASS TT'!$AZ8),""),IF('CLASS TT'!$AX8=AV$5,CONCATENATE('CLASS TT'!$AV$5,"-",'CLASS TT'!$AV8),"")) | AW8: =CONCATENATE(IF('CLASS TT'!$F8=AV$5,'CLASS TT'!$E8,""),IF('CLASS TT'!$J8=AV$5,'CLASS TT'!$I8,""),IF('CLASS TT'!$N8=AV$5,'CLASS TT'!$M8,""),IF('CLASS TT'!$R8=AV$5,'CLASS TT'!$Q8,""),IF('CLASS TT'!$V8=AV$5,'CLASS TT'!$U8,""),IF('CLASS TT'!$Z8=AV$5,'CLASS TT'!$Y8,""),IF('CLASS TT'!$AD8=AV$5,'CLASS TT'!$AC8,""),IF('CLASS TT'!$AH8=AV$5,'CLASS TT'!$AG8,""),IF('CLASS TT'!$AL8=AV$5,'CLASS TT'!$AK8,""),IF('CLASS TT'!$AP8=AV$5,'CLASS TT'!$AO8,""),IF('CLASS TT'!$AT8=AV$5,'CLASS TT'!$AS8,""),IF('CLASS TT'!$BB8=AV$5,'CLASS TT'!$BA8,"")) | AX8: =CONCATENATE(IF('CLASS TT'!$F8=AV$5,'CLASS TT'!$F8,""),IF('CLASS TT'!$J8=AV$5,'CLASS TT'!$J8,""),IF('CLASS TT'!$N8=AV$5,'CLASS TT'!$N8,""),IF('CLASS TT'!$R8=AV$5,'CLASS TT'!$R8,""),IF('CLASS TT'!$V8=AV$5,'CLASS TT'!$V8,""),IF('CLASS TT'!$Z8=AV$5,'CLASS TT'!$Z8,""),IF('CLASS TT'!$AD8=AV$5,'CLASS TT'!$AD8,""),IF('CLASS TT'!$AH8=AV$5,'CLASS TT'!$AH8,""),IF('CLASS TT'!$AL8=AV$5,'CLASS TT'!$AL8,""),IF('CLASS TT'!$AP8=AV$5,'CLASS TT'!$AP8,""),IF('CLASS TT'!$AT8=AV$5,'CLASS TT'!$AT8,""),IF('CLASS TT'!$BB8=AV$5,'CLASS TT'!$BB8,""),IF('CLASS TT'!$AX8=AV$5,'CLASS TT'!$AX8,"")) | AY8: =CONCATENATE(IF('CLASS TT'!$F8=AV$5,'CLASS TT'!$G8,""),IF('CLASS TT'!$J8=AV$5,'CLASS TT'!$K8,""),IF('CLASS TT'!$N8=AV$5,'CLASS TT'!$O8,""),IF('CLASS TT'!$R8=AV$5,'CLASS TT'!$S8,""),IF('CLASS TT'!$V8=AV$5,'CLASS TT'!$W8,""),IF('CLASS TT'!$Z8=AV$5,'CLASS TT'!$AA8,""),IF('CLASS TT'!$AD8=AV$5,'CLASS TT'!$AE8,""),IF('CLASS TT'!$AH8=AV$5,'CLASS TT'!$AI8,""),IF('CLASS TT'!$AL8=AV$5,'CLASS TT'!$AM8,""),IF('CLASS TT'!$AP8=AV$5,'CLASS TT'!$AQ8,""),IF('CLASS TT'!$AT8=AV$5,'CLASS TT'!$AU8,""),IF('CLASS TT'!$BB8=AV$5,'CLASS TT'!$BC8,""),IF('CLASS TT'!$AX8=AV$5,'CLASS TT'!$AY8,"")) | AZ8: =CONCATENATE(IF('CLASS TT'!$F8=AZ$5,CONCATENATE('CLASS TT'!$D$5,"-",'CLASS TT'!$D8),""),IF('CLASS TT'!$J8=AZ$5,CONCATENATE('CLASS TT'!$H$5,"-",'CLASS TT'!$H8),""),IF('CLASS TT'!$N8=AZ$5,CONCATENATE('CLASS TT'!$L$5,"-",'CLASS TT'!$L8),""),IF('CLASS TT'!$R8=AZ$5,CONCATENATE('CLASS TT'!$P$5,"-",'CLASS TT'!$P8),""),IF('CLASS TT'!$V8=AZ$5,CONCATENATE('CLASS TT'!$T$5,"-",'CLASS TT'!$T8),""),IF('CLASS TT'!$Z8=AZ$5,CONCATENATE('CLASS TT'!$X$5,"-",'CLASS TT'!$X8),""),IF('CLASS TT'!$AD8=AZ$5,CONCATENATE('CLASS TT'!$AB$5,"-",'CLASS TT'!$AB8),""),IF('CLASS TT'!$AH8=AZ$5,CONCATENATE('CLASS TT'!$AF$5,"-",'CLASS TT'!$AF8),""),IF('CLASS TT'!$AL8=AZ$5,CONCATENATE('CLASS TT'!$AJ$5,"-",'CLASS TT'!$AJ8),""),IF('CLASS TT'!$AP8=AZ$5,CONCATENATE('CLASS TT'!$AN$5,"-",'CLASS TT'!$AN8),""),IF('CLASS TT'!$AT8=AZ$5,CONCATENATE('CLASS TT'!$AR$5,"-",'CLASS TT'!$AR8),""),IF('CLASS TT'!$BB8=AZ$5,CONCATENATE('CLASS TT'!$AZ$5,"-",'CLASS TT'!$AZ8),""),IF('CLASS TT'!$AX8=AZ$5,CONCATENATE('CLASS TT'!$AV$5,"-",'CLASS TT'!$AV8),"")) | BA8: =CONCATENATE(IF('CLASS TT'!$F8=AZ$5,'CLASS TT'!$E8,""),IF('CLASS TT'!$J8=AZ$5,'CLASS TT'!$I8,""),IF('CLASS TT'!$N8=AZ$5,'CLASS TT'!$M8,""),IF('CLASS TT'!$R8=AZ$5,'CLASS TT'!$Q8,""),IF('CLASS TT'!$V8=AZ$5,'CLASS TT'!$U8,""),IF('CLASS TT'!$Z8=AZ$5,'CLASS TT'!$Y8,""),IF('CLASS TT'!$AD8=AZ$5,'CLASS TT'!$AC8,""),IF('CLASS TT'!$AH8=AZ$5,'CLASS TT'!$AG8,""),IF('CLASS TT'!$AL8=AZ$5,'CLASS TT'!$AK8,""),IF('CLASS TT'!$AP8=AZ$5,'CLASS TT'!$AO8,""),IF('CLASS TT'!$AT8=AZ$5,'CLASS TT'!$AS8,""),IF('CLASS TT'!$BB8=AZ$5,'CLASS TT'!$BA8,"")) | BB8: =CONCATENATE(IF('CLASS TT'!$F8=AZ$5,'CLASS TT'!$F8,""),IF('CLASS TT'!$J8=AZ$5,'CLASS TT'!$J8,""),IF('CLASS TT'!$N8=AZ$5,'CLASS TT'!$N8,""),IF('CLASS TT'!$R8=AZ$5,'CLASS TT'!$R8,""),IF('CLASS TT'!$V8=AZ$5,'CLASS TT'!$V8,""),IF('CLASS TT'!$Z8=AZ$5,'CLASS TT'!$Z8,""),IF('CLASS TT'!$AD8=AZ$5,'CLASS TT'!$AD8,""),IF('CLASS TT'!$AH8=AZ$5,'CLASS TT'!$AH8,""),IF('CLASS TT'!$AL8=AZ$5,'CLASS TT'!$AL8,""),IF('CLASS TT'!$AP8=AZ$5,'CLASS TT'!$AP8,""),IF('CLASS TT'!$AT8=AZ$5,'CLASS TT'!$AT8,""),IF('CLASS TT'!$BB8=AZ$5,'CLASS TT'!$BB8,""),IF('CLASS TT'!$AX8=AZ$5,'CLASS TT'!$AX8,"")) | BC8: =CONCATENATE(IF('CLASS TT'!$F8=AZ$5,'CLASS TT'!$G8,""),IF('CLASS TT'!$J8=AZ$5,'CLASS TT'!$K8,""),IF('CLASS TT'!$N8=AZ$5,'CLASS TT'!$O8,""),IF('CLASS TT'!$R8=AZ$5,'CLASS TT'!$S8,""),IF('CLASS TT'!$V8=AZ$5,'CLASS TT'!$W8,""),IF('CLASS TT'!$Z8=AZ$5,'CLASS TT'!$AA8,""),IF('CLASS TT'!$AD8=AZ$5,'CLASS TT'!$AE8,""),IF('CLASS TT'!$AH8=AZ$5,'CLASS TT'!$AI8,""),IF('CLASS TT'!$AL8=AZ$5,'CLASS TT'!$AM8,""),IF('CLASS TT'!$AP8=AZ$5,'CLASS TT'!$AQ8,""),IF('CLASS TT'!$AT8=AZ$5,'CLASS TT'!$AU8,""),IF('CLASS TT'!$BB8=AZ$5,'CLASS TT'!$BC8,""),IF('CLASS TT'!$AX8=AZ$5,'CLASS TT'!$AY8,"")) | BD8: =CONCATENATE(IF('CLASS TT'!$F8=BD$5,CONCATENATE('CLASS TT'!$D$5,"-",'CLASS TT'!$D8),""),IF('CLASS TT'!$J8=BD$5,CONCATENATE('CLASS TT'!$H$5,"-",'CLASS TT'!$H8),""),IF('CLASS TT'!$N8=BD$5,CONCATENATE('CLASS TT'!$L$5,"-",'CLASS TT'!$L8),""),IF('CLASS TT'!$R8=BD$5,CONCATENATE('CLASS TT'!$P$5,"-",'CLASS TT'!$P8),""),IF('CLASS TT'!$V8=BD$5,CONCATENATE('CLASS TT'!$T$5,"-",'CLASS TT'!$T8),""),IF('CLASS TT'!$Z8=BD$5,CONCATENATE('CLASS TT'!$X$5,"-",'CLASS TT'!$X8),""),IF('CLASS TT'!$AD8=BD$5,CONCATENATE('CLASS TT'!$AB$5,"-",'CLASS TT'!$AB8),""),IF('CLASS TT'!$AH8=BD$5,CONCATENATE('CLASS TT'!$AF$5,"-",'CLASS TT'!$AF8),""),IF('CLASS TT'!$AL8=BD$5,CONCATENATE('CLASS TT'!$AJ$5,"-",'CLASS TT'!$AJ8),""),IF('CLASS TT'!$AP8=BD$5,CONCATENATE('CLASS TT'!$AN$5,"-",'CLASS TT'!$AN8),""),IF('CLASS TT'!$AT8=BD$5,CONCATENATE('CLASS TT'!$AR$5,"-",'CLASS TT'!$AR8),""),IF('CLASS TT'!$BB8=BD$5,CONCATENATE('CLASS TT'!$AZ$5,"-",'CLASS TT'!$AZ8),""),IF('CLASS TT'!$AX8=BD$5,CONCATENATE('CLASS TT'!$AV$5,"-",'CLASS TT'!$AV8),"")) | BE8: =CONCATENATE(IF('CLASS TT'!$F8=BD$5,'CLASS TT'!$E8,""),IF('CLASS TT'!$J8=BD$5,'CLASS TT'!$I8,""),IF('CLASS TT'!$N8=BD$5,'CLASS TT'!$M8,""),IF('CLASS TT'!$R8=BD$5,'CLASS TT'!$Q8,""),IF('CLASS TT'!$V8=BD$5,'CLASS TT'!$U8,""),IF('CLASS TT'!$Z8=BD$5,'CLASS TT'!$Y8,""),IF('CLASS TT'!$AD8=BD$5,'CLASS TT'!$AC8,""),IF('CLASS TT'!$AH8=BD$5,'CLASS TT'!$AG8,""),IF('CLASS TT'!$AL8=BD$5,'CLASS TT'!$AK8,""),IF('CLASS TT'!$AP8=BD$5,'CLASS TT'!$AO8,""),IF('CLASS TT'!$AT8=BD$5,'CLASS TT'!$AS8,""),IF('CLASS TT'!$BB8=BD$5,'CLASS TT'!$BA8,"")) | BF8: =CONCATENATE(IF('CLASS TT'!$F8=BD$5,'CLASS TT'!$F8,""),IF('CLASS TT'!$J8=BD$5,'CLASS TT'!$J8,""),IF('CLASS TT'!$N8=BD$5,'CLASS TT'!$N8,""),IF('CLASS TT'!$R8=BD$5,'CLASS TT'!$R8,""),IF('CLASS TT'!$V8=BD$5,'CLASS TT'!$V8,""),IF('CLASS TT'!$Z8=BD$5,'CLASS TT'!$Z8,""),IF('CLASS TT'!$AD8=BD$5,'CLASS TT'!$AD8,""),IF('CLASS TT'!$AH8=BD$5,'CLASS TT'!$AH8,""),IF('CLASS TT'!$AL8=BD$5,'CLASS TT'!$AL8,""),IF('CLASS TT'!$AP8=BD$5,'CLASS TT'!$AP8,""),IF('CLASS TT'!$AT8=BD$5,'CLASS TT'!$AT8,""),IF('CLASS TT'!$BB8=BD$5,'CLASS TT'!$BB8,""),IF('CLASS TT'!$AX8=BD$5,'CLASS TT'!$AX8,"")) | BG8: =CONCATENATE(IF('CLASS TT'!$F8=BD$5,'CLASS TT'!$G8,""),IF('CLASS TT'!$J8=BD$5,'CLASS TT'!$K8,""),IF('CLASS TT'!$N8=BD$5,'CLASS TT'!$O8,""),IF('CLASS TT'!$R8=BD$5,'CLASS TT'!$S8,""),IF('CLASS TT'!$V8=BD$5,'CLASS TT'!$W8,""),IF('CLASS TT'!$Z8=BD$5,'CLASS TT'!$AA8,""),IF('CLASS TT'!$AD8=BD$5,'CLASS TT'!$AE8,""),IF('CLASS TT'!$AH8=BD$5,'CLASS TT'!$AI8,""),IF('CLASS TT'!$AL8=BD$5,'CLASS TT'!$AM8,""),IF('CLASS TT'!$AP8=BD$5,'CLASS TT'!$AQ8,""),IF('CLASS TT'!$AT8=BD$5,'CLASS TT'!$AU8,""),IF('CLASS TT'!$BB8=BD$5,'CLASS TT'!$BC8,""),IF('CLASS TT'!$AX8=BD$5,'CLASS TT'!$AY8,"")) | BH8: =CONCATENATE(IF('CLASS TT'!$F8=BH$5,CONCATENATE('CLASS TT'!$D$5,"-",'CLASS TT'!$D8),""),IF('CLASS TT'!$J8=BH$5,CONCATENATE('CLASS TT'!$H$5,"-",'CLASS TT'!$H8),""),IF('CLASS TT'!$N8=BH$5,CONCATENATE('CLASS TT'!$L$5,"-",'CLASS TT'!$L8),""),IF('CLASS TT'!$R8=BH$5,CONCATENATE('CLASS TT'!$P$5,"-",'CLASS TT'!$P8),""),IF('CLASS TT'!$V8=BH$5,CONCATENATE('CLASS TT'!$T$5,"-",'CLASS TT'!$T8),""),IF('CLASS TT'!$Z8=BH$5,CONCATENATE('CLASS TT'!$X$5,"-",'CLASS TT'!$X8),""),IF('CLASS TT'!$AD8=BH$5,CONCATENATE('CLASS TT'!$AB$5,"-",'CLASS TT'!$AB8),""),IF('CLASS TT'!$AH8=BH$5,CONCATENATE('CLASS TT'!$AF$5,"-",'CLASS TT'!$AF8),""),IF('CLASS TT'!$AL8=BH$5,CONCATENATE('CLASS TT'!$AJ$5,"-",'CLASS TT'!$AJ8),""),IF('CLASS TT'!$AP8=BH$5,CONCATENATE('CLASS TT'!$AN$5,"-",'CLASS TT'!$AN8),""),IF('CLASS TT'!$AT8=BH$5,CONCATENATE('CLASS TT'!$AR$5,"-",'CLASS TT'!$AR8),""),IF('CLASS TT'!$BB8=BH$5,CONCATENATE('CLASS TT'!$AZ$5,"-",'CLASS TT'!$AZ8),""),IF('CLASS TT'!$AX8=BH$5,CONCATENATE('CLASS TT'!$AV$5,"-",'CLASS TT'!$AV8),"")) | BI8: =CONCATENATE(IF('CLASS TT'!$F8=BH$5,'CLASS TT'!$E8,""),IF('CLASS TT'!$J8=BH$5,'CLASS TT'!$I8,""),IF('CLASS TT'!$N8=BH$5,'CLASS TT'!$M8,""),IF('CLASS TT'!$R8=BH$5,'CLASS TT'!$Q8,""),IF('CLASS TT'!$V8=BH$5,'CLASS TT'!$U8,""),IF('CLASS TT'!$Z8=BH$5,'CLASS TT'!$Y8,""),IF('CLASS TT'!$AD8=BH$5,'CLASS TT'!$AC8,""),IF('CLASS TT'!$AH8=BH$5,'CLASS TT'!$AG8,""),IF('CLASS TT'!$AL8=BH$5,'CLASS TT'!$AK8,""),IF('CLASS TT'!$AP8=BH$5,'CLASS TT'!$AO8,""),IF('CLASS TT'!$AT8=BH$5,'CLASS TT'!$AS8,""),IF('CLASS TT'!$BB8=BH$5,'CLASS TT'!$BA8,"")) | BJ8: =CONCATENATE(IF('CLASS TT'!$F8=BH$5,'CLASS TT'!$F8,""),IF('CLASS TT'!$J8=BH$5,'CLASS TT'!$J8,""),IF('CLASS TT'!$N8=BH$5,'CLASS TT'!$N8,""),IF('CLASS TT'!$R8=BH$5,'CLASS TT'!$R8,""),IF('CLASS TT'!$V8=BH$5,'CLASS TT'!$V8,""),IF('CLASS TT'!$Z8=BH$5,'CLASS TT'!$Z8,""),IF('CLASS TT'!$AD8=BH$5,'CLASS TT'!$AD8,""),IF('CLASS TT'!$AH8=BH$5,'CLASS TT'!$AH8,""),IF('CLASS TT'!$AL8=BH$5,'CLASS TT'!$AL8,""),IF('CLASS TT'!$AP8=BH$5,'CLASS TT'!$AP8,""),IF('CLASS TT'!$AT8=BH$5,'CLASS TT'!$AT8,""),IF('CLASS TT'!$BB8=BH$5,'CLASS TT'!$BB8,""),IF('CLASS TT'!$AX8=BH$5,'CLASS TT'!$AX8,"")) | BK8: =CONCATENATE(IF('CLASS TT'!$F8=BH$5,'CLASS TT'!$G8,""),IF('CLASS TT'!$J8=BH$5,'CLASS TT'!$K8,""),IF('CLASS TT'!$N8=BH$5,'CLASS TT'!$O8,""),IF('CLASS TT'!$R8=BH$5,'CLASS TT'!$S8,""),IF('CLASS TT'!$V8=BH$5,'CLASS TT'!$W8,""),IF('CLASS TT'!$Z8=BH$5,'CLASS TT'!$AA8,""),IF('CLASS TT'!$AD8=BH$5,'CLASS TT'!$AE8,""),IF('CLASS TT'!$AH8=BH$5,'CLASS TT'!$AI8,""),IF('CLASS TT'!$AL8=BH$5,'CLASS TT'!$AM8,""),IF('CLASS TT'!$AP8=BH$5,'CLASS TT'!$AQ8,""),IF('CLASS TT'!$AT8=BH$5,'CLASS TT'!$AU8,""),IF('CLASS TT'!$BB8=BH$5,'CLASS TT'!$BC8,""),IF('CLASS TT'!$AX8=BH$5,'CLASS TT'!$AY8,"")) | BL8: =CONCATENATE(IF('CLASS TT'!$F8=BL$5,CONCATENATE('CLASS TT'!$D$5,"-",'CLASS TT'!$D8),""),IF('CLASS TT'!$J8=BL$5,CONCATENATE('CLASS TT'!$H$5,"-",'CLASS TT'!$H8),""),IF('CLASS TT'!$N8=BL$5,CONCATENATE('CLASS TT'!$L$5,"-",'CLASS TT'!$L8),""),IF('CLASS TT'!$R8=BL$5,CONCATENATE('CLASS TT'!$P$5,"-",'CLASS TT'!$P8),""),IF('CLASS TT'!$V8=BL$5,CONCATENATE('CLASS TT'!$T$5,"-",'CLASS TT'!$T8),""),IF('CLASS TT'!$Z8=BL$5,CONCATENATE('CLASS TT'!$X$5,"-",'CLASS TT'!$X8),""),IF('CLASS TT'!$AD8=BL$5,CONCATENATE('CLASS TT'!$AB$5,"-",'CLASS TT'!$AB8),""),IF('CLASS TT'!$AH8=BL$5,CONCATENATE('CLASS TT'!$AF$5,"-",'CLASS TT'!$AF8),""),IF('CLASS TT'!$AL8=BL$5,CONCATENATE('CLASS TT'!$AJ$5,"-",'CLASS TT'!$AJ8),""),IF('CLASS TT'!$AP8=BL$5,CONCATENATE('CLASS TT'!$AN$5,"-",'CLASS TT'!$AN8),""),IF('CLASS TT'!$AT8=BL$5,CONCATENATE('CLASS TT'!$AR$5,"-",'CLASS TT'!$AR8),""),IF('CLASS TT'!$BB8=BL$5,CONCATENATE('CLASS TT'!$AZ$5,"-",'CLASS TT'!$AZ8),""),IF('CLASS TT'!$AX8=BL$5,CONCATENATE('CLASS TT'!$AV$5,"-",'CLASS TT'!$AV8),"")) | BM8: =CONCATENATE(IF('CLASS TT'!$F8=BL$5,'CLASS TT'!$E8,""),IF('CLASS TT'!$J8=BL$5,'CLASS TT'!$I8,""),IF('CLASS TT'!$N8=BL$5,'CLASS TT'!$M8,""),IF('CLASS TT'!$R8=BL$5,'CLASS TT'!$Q8,""),IF('CLASS TT'!$V8=BL$5,'CLASS TT'!$U8,""),IF('CLASS TT'!$Z8=BL$5,'CLASS TT'!$Y8,""),IF('CLASS TT'!$AD8=BL$5,'CLASS TT'!$AC8,""),IF('CLASS TT'!$AH8=BL$5,'CLASS TT'!$AG8,""),IF('CLASS TT'!$AL8=BL$5,'CLASS TT'!$AK8,""),IF('CLASS TT'!$AP8=BL$5,'CLASS TT'!$AO8,""),IF('CLASS TT'!$AT8=BL$5,'CLASS TT'!$AS8,""),IF('CLASS TT'!$BB8=BL$5,'CLASS TT'!$BA8,"")) | BN8: =CONCATENATE(IF('CLASS TT'!$F8=BL$5,'CLASS TT'!$F8,""),IF('CLASS TT'!$J8=BL$5,'CLASS TT'!$J8,""),IF('CLASS TT'!$N8=BL$5,'CLASS TT'!$N8,""),IF('CLASS TT'!$R8=BL$5,'CLASS TT'!$R8,""),IF('CLASS TT'!$V8=BL$5,'CLASS TT'!$V8,""),IF('CLASS TT'!$Z8=BL$5,'CLASS TT'!$Z8,""),IF('CLASS TT'!$AD8=BL$5,'CLASS TT'!$AD8,""),IF('CLASS TT'!$AH8=BL$5,'CLASS TT'!$AH8,""),IF('CLASS TT'!$AL8=BL$5,'CLASS TT'!$AL8,""),IF('CLASS TT'!$AP8=BL$5,'CLASS TT'!$AP8,""),IF('CLASS TT'!$AT8=BL$5,'CLASS TT'!$AT8,""),IF('CLASS TT'!$BB8=BL$5,'CLASS TT'!$BB8,""),IF('CLASS TT'!$AX8=BL$5,'CLASS TT'!$AX8,"")) | BO8: =CONCATENATE(IF('CLASS TT'!$F8=BL$5,'CLASS TT'!$G8,""),IF('CLASS TT'!$J8=BL$5,'CLASS TT'!$K8,""),IF('CLASS TT'!$N8=BL$5,'CLASS TT'!$O8,""),IF('CLASS TT'!$R8=BL$5,'CLASS TT'!$S8,""),IF('CLASS TT'!$V8=BL$5,'CLASS TT'!$W8,""),IF('CLASS TT'!$Z8=BL$5,'CLASS TT'!$AA8,""),IF('CLASS TT'!$AD8=BL$5,'CLASS TT'!$AE8,""),IF('CLASS TT'!$AH8=BL$5,'CLASS TT'!$AI8,""),IF('CLASS TT'!$AL8=BL$5,'CLASS TT'!$AM8,""),IF('CLASS TT'!$AP8=BL$5,'CLASS TT'!$AQ8,""),IF('CLASS TT'!$AT8=BL$5,'CLASS TT'!$AU8,""),IF('CLASS TT'!$BB8=BL$5,'CLASS TT'!$BC8,""),IF('CLASS TT'!$AX8=BL$5,'CLASS TT'!$AY8,"")) | BP8: =CONCATENATE(IF('CLASS TT'!$F8=BP$5,CONCATENATE('CLASS TT'!$D$5,"-",'CLASS TT'!$D8),""),IF('CLASS TT'!$J8=BP$5,CONCATENATE('CLASS TT'!$H$5,"-",'CLASS TT'!$H8),""),IF('CLASS TT'!$N8=BP$5,CONCATENATE('CLASS TT'!$L$5,"-",'CLASS TT'!$L8),""),IF('CLASS TT'!$R8=BP$5,CONCATENATE('CLASS TT'!$P$5,"-",'CLASS TT'!$P8),""),IF('CLASS TT'!$V8=BP$5,CONCATENATE('CLASS TT'!$T$5,"-",'CLASS TT'!$T8),""),IF('CLASS TT'!$Z8=BP$5,CONCATENATE('CLASS TT'!$X$5,"-",'CLASS TT'!$X8),""),IF('CLASS TT'!$AD8=BP$5,CONCATENATE('CLASS TT'!$AB$5,"-",'CLASS TT'!$AB8),""),IF('CLASS TT'!$AH8=BP$5,CONCATENATE('CLASS TT'!$AF$5,"-",'CLASS TT'!$AF8),""),IF('CLASS TT'!$AL8=BP$5,CONCATENATE('CLASS TT'!$AJ$5,"-",'CLASS TT'!$AJ8),""),IF('CLASS TT'!$AP8=BP$5,CONCATENATE('CLASS TT'!$AN$5,"-",'CLASS TT'!$AN8),""),IF('CLASS TT'!$AT8=BP$5,CONCATENATE('CLASS TT'!$AR$5,"-",'CLASS TT'!$AR8),""),IF('CLASS TT'!$BB8=BP$5,CONCATENATE('CLASS TT'!$AZ$5,"-",'CLASS TT'!$AZ8),""),IF('CLASS TT'!$AX8=BP$5,CONCATENATE('CLASS TT'!$AV$5,"-",'CLASS TT'!$AV8),"")) | BQ8: =CONCATENATE(IF('CLASS TT'!$F8=BP$5,'CLASS TT'!$E8,""),IF('CLASS TT'!$J8=BP$5,'CLASS TT'!$I8,""),IF('CLASS TT'!$N8=BP$5,'CLASS TT'!$M8,""),IF('CLASS TT'!$R8=BP$5,'CLASS TT'!$Q8,""),IF('CLASS TT'!$V8=BP$5,'CLASS TT'!$U8,""),IF('CLASS TT'!$Z8=BP$5,'CLASS TT'!$Y8,""),IF('CLASS TT'!$AD8=BP$5,'CLASS TT'!$AC8,""),IF('CLASS TT'!$AH8=BP$5,'CLASS TT'!$AG8,""),IF('CLASS TT'!$AL8=BP$5,'CLASS TT'!$AK8,""),IF('CLASS TT'!$AP8=BP$5,'CLASS TT'!$AO8,""),IF('CLASS TT'!$AT8=BP$5,'CLASS TT'!$AS8,""),IF('CLASS TT'!$BB8=BP$5,'CLASS TT'!$BA8,"")) | BR8: =CONCATENATE(IF('CLASS TT'!$F8=BP$5,'CLASS TT'!$F8,""),IF('CLASS TT'!$J8=BP$5,'CLASS TT'!$J8,""),IF('CLASS TT'!$N8=BP$5,'CLASS TT'!$N8,""),IF('CLASS TT'!$R8=BP$5,'CLASS TT'!$R8,""),IF('CLASS TT'!$V8=BP$5,'CLASS TT'!$V8,""),IF('CLASS TT'!$Z8=BP$5,'CLASS TT'!$Z8,""),IF('CLASS TT'!$AD8=BP$5,'CLASS TT'!$AD8,""),IF('CLASS TT'!$AH8=BP$5,'CLASS TT'!$AH8,""),IF('CLASS TT'!$AL8=BP$5,'CLASS TT'!$AL8,""),IF('CLASS TT'!$AP8=BP$5,'CLASS TT'!$AP8,""),IF('CLASS TT'!$AT8=BP$5,'CLASS TT'!$AT8,""),IF('CLASS TT'!$BB8=BP$5,'CLASS TT'!$BB8,""),IF('CLASS TT'!$AX8=BP$5,'CLASS TT'!$AX8,"")) | BS8: =CONCATENATE(IF('CLASS TT'!$F8=BP$5,'CLASS TT'!$G8,""),IF('CLASS TT'!$J8=BP$5,'CLASS TT'!$K8,""),IF('CLASS TT'!$N8=BP$5,'CLASS TT'!$O8,""),IF('CLASS TT'!$R8=BP$5,'CLASS TT'!$S8,""),IF('CLASS TT'!$V8=BP$5,'CLASS TT'!$W8,""),IF('CLASS TT'!$Z8=BP$5,'CLASS TT'!$AA8,""),IF('CLASS TT'!$AD8=BP$5,'CLASS TT'!$AE8,""),IF('CLASS TT'!$AH8=BP$5,'CLASS TT'!$AI8,""),IF('CLASS TT'!$AL8=BP$5,'CLASS TT'!$AM8,""),IF('CLASS TT'!$AP8=BP$5,'CLASS TT'!$AQ8,""),IF('CLASS TT'!$AT8=BP$5,'CLASS TT'!$AU8,""),IF('CLASS TT'!$BB8=BP$5,'CLASS TT'!$BC8,""),IF('CLASS TT'!$AX8=BP$5,'CLASS TT'!$AY8,"")) | BT8: =CONCATENATE(IF('CLASS TT'!$F8=BT$5,CONCATENATE('CLASS TT'!$D$5,"-",'CLASS TT'!$D8),""),IF('CLASS TT'!$J8=BT$5,CONCATENATE('CLASS TT'!$H$5,"-",'CLASS TT'!$H8),""),IF('CLASS TT'!$N8=BT$5,CONCATENATE('CLASS TT'!$L$5,"-",'CLASS TT'!$L8),""),IF('CLASS TT'!$R8=BT$5,CONCATENATE('CLASS TT'!$P$5,"-",'CLASS TT'!$P8),""),IF('CLASS TT'!$V8=BT$5,CONCATENATE('CLASS TT'!$T$5,"-",'CLASS TT'!$T8),""),IF('CLASS TT'!$Z8=BT$5,CONCATENATE('CLASS TT'!$X$5,"-",'CLASS TT'!$X8),""),IF('CLASS TT'!$AD8=BT$5,CONCATENATE('CLASS TT'!$AB$5,"-",'CLASS TT'!$AB8),""),IF('CLASS TT'!$AH8=BT$5,CONCATENATE('CLASS TT'!$AF$5,"-",'CLASS TT'!$AF8),""),IF('CLASS TT'!$AL8=BT$5,CONCATENATE('CLASS TT'!$AJ$5,"-",'CLASS TT'!$AJ8),""),IF('CLASS TT'!$AP8=BT$5,CONCATENATE('CLASS TT'!$AN$5,"-",'CLASS TT'!$AN8),""),IF('CLASS TT'!$AT8=BT$5,CONCATENATE('CLASS TT'!$AR$5,"-",'CLASS TT'!$AR8),""),IF('CLASS TT'!$BB8=BT$5,CONCATENATE('CLASS TT'!$AZ$5,"-",'CLASS TT'!$AZ8),""),IF('CLASS TT'!$AX8=BT$5,CONCATENATE('CLASS TT'!$AV$5,"-",'CLASS TT'!$AV8),"")) | BU8: =CONCATENATE(IF('CLASS TT'!$F8=BT$5,'CLASS TT'!$E8,""),IF('CLASS TT'!$J8=BT$5,'CLASS TT'!$I8,""),IF('CLASS TT'!$N8=BT$5,'CLASS TT'!$M8,""),IF('CLASS TT'!$R8=BT$5,'CLASS TT'!$Q8,""),IF('CLASS TT'!$V8=BT$5,'CLASS TT'!$U8,""),IF('CLASS TT'!$Z8=BT$5,'CLASS TT'!$Y8,""),IF('CLASS TT'!$AD8=BT$5,'CLASS TT'!$AC8,""),IF('CLASS TT'!$AH8=BT$5,'CLASS TT'!$AG8,""),IF('CLASS TT'!$AL8=BT$5,'CLASS TT'!$AK8,""),IF('CLASS TT'!$AP8=BT$5,'CLASS TT'!$AO8,""),IF('CLASS TT'!$AT8=BT$5,'CLASS TT'!$AS8,""),IF('CLASS TT'!$BB8=BT$5,'CLASS TT'!$BA8,"")) | BV8: =CONCATENATE(IF('CLASS TT'!$F8=BT$5,'CLASS TT'!$F8,""),IF('CLASS TT'!$J8=BT$5,'CLASS TT'!$J8,""),IF('CLASS TT'!$N8=BT$5,'CLASS TT'!$N8,""),IF('CLASS TT'!$R8=BT$5,'CLASS TT'!$R8,""),IF('CLASS TT'!$V8=BT$5,'CLASS TT'!$V8,""),IF('CLASS TT'!$Z8=BT$5,'CLASS TT'!$Z8,""),IF('CLASS TT'!$AD8=BT$5,'CLASS TT'!$AD8,""),IF('CLASS TT'!$AH8=BT$5,'CLASS TT'!$AH8,""),IF('CLASS TT'!$AL8=BT$5,'CLASS TT'!$AL8,""),IF('CLASS TT'!$AP8=BT$5,'CLASS TT'!$AP8,""),IF('CLASS TT'!$AT8=BT$5,'CLASS TT'!$AT8,""),IF('CLASS TT'!$BB8=BT$5,'CLASS TT'!$BB8,""),IF('CLASS TT'!$AX8=BT$5,'CLASS TT'!$AX8,"")) | BW8: =CONCATENATE(IF('CLASS TT'!$F8=BT$5,'CLASS TT'!$G8,""),IF('CLASS TT'!$J8=BT$5,'CLASS TT'!$K8,""),IF('CLASS TT'!$N8=BT$5,'CLASS TT'!$O8,""),IF('CLASS TT'!$R8=BT$5,'CLASS TT'!$S8,""),IF('CLASS TT'!$V8=BT$5,'CLASS TT'!$W8,""),IF('CLASS TT'!$Z8=BT$5,'CLASS TT'!$AA8,""),IF('CLASS TT'!$AD8=BT$5,'CLASS TT'!$AE8,""),IF('CLASS TT'!$AH8=BT$5,'CLASS TT'!$AI8,""),IF('CLASS TT'!$AL8=BT$5,'CLASS TT'!$AM8,""),IF('CLASS TT'!$AP8=BT$5,'CLASS TT'!$AQ8,""),IF('CLASS TT'!$AT8=BT$5,'CLASS TT'!$AU8,""),IF('CLASS TT'!$BB8=BT$5,'CLASS TT'!$BC8,""),IF('CLASS TT'!$AX8=BT$5,'CLASS TT'!$AY8,"")) | BX8: =CONCATENATE(IF('CLASS TT'!$F8=BX$5,CONCATENATE('CLASS TT'!$D$5,"-",'CLASS TT'!$D8),""),IF('CLASS TT'!$J8=BX$5,CONCATENATE('CLASS TT'!$H$5,"-",'CLASS TT'!$H8),""),IF('CLASS TT'!$N8=BX$5,CONCATENATE('CLASS TT'!$L$5,"-",'CLASS TT'!$L8),""),IF('CLASS TT'!$R8=BX$5,CONCATENATE('CLASS TT'!$P$5,"-",'CLASS TT'!$P8),""),IF('CLASS TT'!$V8=BX$5,CONCATENATE('CLASS TT'!$T$5,"-",'CLASS TT'!$T8),""),IF('CLASS TT'!$Z8=BX$5,CONCATENATE('CLASS TT'!$X$5,"-",'CLASS TT'!$X8),""),IF('CLASS TT'!$AD8=BX$5,CONCATENATE('CLASS TT'!$AB$5,"-",'CLASS TT'!$AB8),""),IF('CLASS TT'!$AH8=BX$5,CONCATENATE('CLASS TT'!$AF$5,"-",'CLASS TT'!$AF8),""),IF('CLASS TT'!$AL8=BX$5,CONCATENATE('CLASS TT'!$AJ$5,"-",'CLASS TT'!$AJ8),""),IF('CLASS TT'!$AP8=BX$5,CONCATENATE('CLASS TT'!$AN$5,"-",'CLASS TT'!$AN8),""),IF('CLASS TT'!$AT8=BX$5,CONCATENATE('CLASS TT'!$AR$5,"-",'CLASS TT'!$AR8),""),IF('CLASS TT'!$BB8=BX$5,CONCATENATE('CLASS TT'!$AZ$5,"-",'CLASS TT'!$AZ8),""),IF('CLASS TT'!$AX8=BX$5,CONCATENATE('CLASS TT'!$AV$5,"-",'CLASS TT'!$AV8),"")) | BY8: =CONCATENATE(IF('CLASS TT'!$F8=BX$5,'CLASS TT'!$E8,""),IF('CLASS TT'!$J8=BX$5,'CLASS TT'!$I8,""),IF('CLASS TT'!$N8=BX$5,'CLASS TT'!$M8,""),IF('CLASS TT'!$R8=BX$5,'CLASS TT'!$Q8,""),IF('CLASS TT'!$V8=BX$5,'CLASS TT'!$U8,""),IF('CLASS TT'!$Z8=BX$5,'CLASS TT'!$Y8,""),IF('CLASS TT'!$AD8=BX$5,'CLASS TT'!$AC8,""),IF('CLASS TT'!$AH8=BX$5,'CLASS TT'!$AG8,""),IF('CLASS TT'!$AL8=BX$5,'CLASS TT'!$AK8,""),IF('CLASS TT'!$AP8=BX$5,'CLASS TT'!$AO8,""),IF('CLASS TT'!$AT8=BX$5,'CLASS TT'!$AS8,""),IF('CLASS TT'!$BB8=BX$5,'CLASS TT'!$BA8,"")) | BZ8: =CONCATENATE(IF('CLASS TT'!$F8=BX$5,'CLASS TT'!$F8,""),IF('CLASS TT'!$J8=BX$5,'CLASS TT'!$J8,""),IF('CLASS TT'!$N8=BX$5,'CLASS TT'!$N8,""),IF('CLASS TT'!$R8=BX$5,'CLASS TT'!$R8,""),IF('CLASS TT'!$V8=BX$5,'CLASS TT'!$V8,""),IF('CLASS TT'!$Z8=BX$5,'CLASS TT'!$Z8,""),IF('CLASS TT'!$AD8=BX$5,'CLASS TT'!$AD8,""),IF('CLASS TT'!$AH8=BX$5,'CLASS TT'!$AH8,""),IF('CLASS TT'!$AL8=BX$5,'CLASS TT'!$AL8,""),IF('CLASS TT'!$AP8=BX$5,'CLASS TT'!$AP8,""),IF('CLASS TT'!$AT8=BX$5,'CLASS TT'!$AT8,""),IF('CLASS TT'!$BB8=BX$5,'CLASS TT'!$BB8,""),IF('CLASS TT'!$AX8=BX$5,'CLASS TT'!$AX8,"")) | CA8: =CONCATENATE(IF('CLASS TT'!$F8=BX$5,'CLASS TT'!$G8,""),IF('CLASS TT'!$J8=BX$5,'CLASS TT'!$K8,""),IF('CLASS TT'!$N8=BX$5,'CLASS TT'!$O8,""),IF('CLASS TT'!$R8=BX$5,'CLASS TT'!$S8,""),IF('CLASS TT'!$V8=BX$5,'CLASS TT'!$W8,""),IF('CLASS TT'!$Z8=BX$5,'CLASS TT'!$AA8,""),IF('CLASS TT'!$AD8=BX$5,'CLASS TT'!$AE8,""),IF('CLASS TT'!$AH8=BX$5,'CLASS TT'!$AI8,""),IF('CLASS TT'!$AL8=BX$5,'CLASS TT'!$AM8,""),IF('CLASS TT'!$AP8=BX$5,'CLASS TT'!$AQ8,""),IF('CLASS TT'!$AT8=BX$5,'CLASS TT'!$AU8,""),IF('CLASS TT'!$BB8=BX$5,'CLASS TT'!$BC8,""),IF('CLASS TT'!$AX8=BX$5,'CLASS TT'!$AY8,"")) | CB8: =CONCATENATE(IF('CLASS TT'!$F8=CB$5,CONCATENATE('CLASS TT'!$D$5,"-",'CLASS TT'!$D8),""),IF('CLASS TT'!$J8=CB$5,CONCATENATE('CLASS TT'!$H$5,"-",'CLASS TT'!$H8),""),IF('CLASS TT'!$N8=CB$5,CONCATENATE('CLASS TT'!$L$5,"-",'CLASS TT'!$L8),""),IF('CLASS TT'!$R8=CB$5,CONCATENATE('CLASS TT'!$P$5,"-",'CLASS TT'!$P8),""),IF('CLASS TT'!$V8=CB$5,CONCATENATE('CLASS TT'!$T$5,"-",'CLASS TT'!$T8),""),IF('CLASS TT'!$Z8=CB$5,CONCATENATE('CLASS TT'!$X$5,"-",'CLASS TT'!$X8),""),IF('CLASS TT'!$AD8=CB$5,CONCATENATE('CLASS TT'!$AB$5,"-",'CLASS TT'!$AB8),""),IF('CLASS TT'!$AH8=CB$5,CONCATENATE('CLASS TT'!$AF$5,"-",'CLASS TT'!$AF8),""),IF('CLASS TT'!$AL8=CB$5,CONCATENATE('CLASS TT'!$AJ$5,"-",'CLASS TT'!$AJ8),""),IF('CLASS TT'!$AP8=CB$5,CONCATENATE('CLASS TT'!$AN$5,"-",'CLASS TT'!$AN8),""),IF('CLASS TT'!$AT8=CB$5,CONCATENATE('CLASS TT'!$AR$5,"-",'CLASS TT'!$AR8),""),IF('CLASS TT'!$BB8=CB$5,CONCATENATE('CLASS TT'!$AZ$5,"-",'CLASS TT'!$AZ8),""),IF('CLASS TT'!$AX8=CB$5,CONCATENATE('CLASS TT'!$AV$5,"-",'CLASS TT'!$AV8),"")) | CC8: =CONCATENATE(IF('CLASS TT'!$F8=CB$5,'CLASS TT'!$E8,""),IF('CLASS TT'!$J8=CB$5,'CLASS TT'!$I8,""),IF('CLASS TT'!$N8=CB$5,'CLASS TT'!$M8,""),IF('CLASS TT'!$R8=CB$5,'CLASS TT'!$Q8,""),IF('CLASS TT'!$V8=CB$5,'CLASS TT'!$U8,""),IF('CLASS TT'!$Z8=CB$5,'CLASS TT'!$Y8,""),IF('CLASS TT'!$AD8=CB$5,'CLASS TT'!$AC8,""),IF('CLASS TT'!$AH8=CB$5,'CLASS TT'!$AG8,""),IF('CLASS TT'!$AL8=CB$5,'CLASS TT'!$AK8,""),IF('CLASS TT'!$AP8=CB$5,'CLASS TT'!$AO8,""),IF('CLASS TT'!$AT8=CB$5,'CLASS TT'!$AS8,""),IF('CLASS TT'!$BB8=CB$5,'CLASS TT'!$BA8,"")) | CD8: =CONCATENATE(IF('CLASS TT'!$F8=CB$5,'CLASS TT'!$F8,""),IF('CLASS TT'!$J8=CB$5,'CLASS TT'!$J8,""),IF('CLASS TT'!$N8=CB$5,'CLASS TT'!$N8,""),IF('CLASS TT'!$R8=CB$5,'CLASS TT'!$R8,""),IF('CLASS TT'!$V8=CB$5,'CLASS TT'!$V8,""),IF('CLASS TT'!$Z8=CB$5,'CLASS TT'!$Z8,""),IF('CLASS TT'!$AD8=CB$5,'CLASS TT'!$AD8,""),IF('CLASS TT'!$AH8=CB$5,'CLASS TT'!$AH8,""),IF('CLASS TT'!$AL8=CB$5,'CLASS TT'!$AL8,""),IF('CLASS TT'!$AP8=CB$5,'CLASS TT'!$AP8,""),IF('CLASS TT'!$AT8=CB$5,'CLASS TT'!$AT8,""),IF('CLASS TT'!$BB8=CB$5,'CLASS TT'!$BB8,""),IF('CLASS TT'!$AX8=CB$5,'CLASS TT'!$AX8,"")) | CE8: =CONCATENATE(IF('CLASS TT'!$F8=CB$5,'CLASS TT'!$G8,""),IF('CLASS TT'!$J8=CB$5,'CLASS TT'!$K8,""),IF('CLASS TT'!$N8=CB$5,'CLASS TT'!$O8,""),IF('CLASS TT'!$R8=CB$5,'CLASS TT'!$S8,""),IF('CLASS TT'!$V8=CB$5,'CLASS TT'!$W8,""),IF('CLASS TT'!$Z8=CB$5,'CLASS TT'!$AA8,""),IF('CLASS TT'!$AD8=CB$5,'CLASS TT'!$AE8,""),IF('CLASS TT'!$AH8=CB$5,'CLASS TT'!$AI8,""),IF('CLASS TT'!$AL8=CB$5,'CLASS TT'!$AM8,""),IF('CLASS TT'!$AP8=CB$5,'CLASS TT'!$AQ8,""),IF('CLASS TT'!$AT8=CB$5,'CLASS TT'!$AU8,""),IF('CLASS TT'!$BB8=CB$5,'CLASS TT'!$BC8,""),IF('CLASS TT'!$AX8=CB$5,'CLASS TT'!$AY8,"")) | CF8: =CONCATENATE(IF('CLASS TT'!$F8=CF$5,CONCATENATE('CLASS TT'!$D$5,"-",'CLASS TT'!$D8),""),IF('CLASS TT'!$J8=CF$5,CONCATENATE('CLASS TT'!$H$5,"-",'CLASS TT'!$H8),""),IF('CLASS TT'!$N8=CF$5,CONCATENATE('CLASS TT'!$L$5,"-",'CLASS TT'!$L8),""),IF('CLASS TT'!$R8=CF$5,CONCATENATE('CLASS TT'!$P$5,"-",'CLASS TT'!$P8),""),IF('CLASS TT'!$V8=CF$5,CONCATENATE('CLASS TT'!$T$5,"-",'CLASS TT'!$T8),""),IF('CLASS TT'!$Z8=CF$5,CONCATENATE('CLASS TT'!$X$5,"-",'CLASS TT'!$X8),""),IF('CLASS TT'!$AD8=CF$5,CONCATENATE('CLASS TT'!$AB$5,"-",'CLASS TT'!$AB8),""),IF('CLASS TT'!$AH8=CF$5,CONCATENATE('CLASS TT'!$AF$5,"-",'CLASS TT'!$AF8),""),IF('CLASS TT'!$AL8=CF$5,CONCATENATE('CLASS TT'!$AJ$5,"-",'CLASS TT'!$AJ8),""),IF('CLASS TT'!$AP8=CF$5,CONCATENATE('CLASS TT'!$AN$5,"-",'CLASS TT'!$AN8),""),IF('CLASS TT'!$AT8=CF$5,CONCATENATE('CLASS TT'!$AR$5,"-",'CLASS TT'!$AR8),""),IF('CLASS TT'!$BB8=CF$5,CONCATENATE('CLASS TT'!$AZ$5,"-",'CLASS TT'!$AZ8),""),IF('CLASS TT'!$AX8=CF$5,CONCATENATE('CLASS TT'!$AV$5,"-",'CLASS TT'!$AV8),"")) | CG8: =CONCATENATE(IF('CLASS TT'!$F8=CF$5,'CLASS TT'!$E8,""),IF('CLASS TT'!$J8=CF$5,'CLASS TT'!$I8,""),IF('CLASS TT'!$N8=CF$5,'CLASS TT'!$M8,""),IF('CLASS TT'!$R8=CF$5,'CLASS TT'!$Q8,""),IF('CLASS TT'!$V8=CF$5,'CLASS TT'!$U8,""),IF('CLASS TT'!$Z8=CF$5,'CLASS TT'!$Y8,""),IF('CLASS TT'!$AD8=CF$5,'CLASS TT'!$AC8,""),IF('CLASS TT'!$AH8=CF$5,'CLASS TT'!$AG8,""),IF('CLASS TT'!$AL8=CF$5,'CLASS TT'!$AK8,""),IF('CLASS TT'!$AP8=CF$5,'CLASS TT'!$AO8,""),IF('CLASS TT'!$AT8=CF$5,'CLASS TT'!$AS8,""),IF('CLASS TT'!$BB8=CF$5,'CLASS TT'!$BA8,"")) | CH8: =CONCATENATE(IF('CLASS TT'!$F8=CF$5,'CLASS TT'!$F8,""),IF('CLASS TT'!$J8=CF$5,'CLASS TT'!$J8,""),IF('CLASS TT'!$N8=CF$5,'CLASS TT'!$N8,""),IF('CLASS TT'!$R8=CF$5,'CLASS TT'!$R8,""),IF('CLASS TT'!$V8=CF$5,'CLASS TT'!$V8,""),IF('CLASS TT'!$Z8=CF$5,'CLASS TT'!$Z8,""),IF('CLASS TT'!$AD8=CF$5,'CLASS TT'!$AD8,""),IF('CLASS TT'!$AH8=CF$5,'CLASS TT'!$AH8,""),IF('CLASS TT'!$AL8=CF$5,'CLASS TT'!$AL8,""),IF('CLASS TT'!$AP8=CF$5,'CLASS TT'!$AP8,""),IF('CLASS TT'!$AT8=CF$5,'CLASS TT'!$AT8,""),IF('CLASS TT'!$BB8=CF$5,'CLASS TT'!$BB8,""),IF('CLASS TT'!$AX8=CF$5,'CLASS TT'!$AX8,"")) | CI8: =CONCATENATE(IF('CLASS TT'!$F8=CF$5,'CLASS TT'!$G8,""),IF('CLASS TT'!$J8=CF$5,'CLASS TT'!$K8,""),IF('CLASS TT'!$N8=CF$5,'CLASS TT'!$O8,""),IF('CLASS TT'!$R8=CF$5,'CLASS TT'!$S8,""),IF('CLASS TT'!$V8=CF$5,'CLASS TT'!$W8,""),IF('CLASS TT'!$Z8=CF$5,'CLASS TT'!$AA8,""),IF('CLASS TT'!$AD8=CF$5,'CLASS TT'!$AE8,""),IF('CLASS TT'!$AH8=CF$5,'CLASS TT'!$AI8,""),IF('CLASS TT'!$AL8=CF$5,'CLASS TT'!$AM8,""),IF('CLASS TT'!$AP8=CF$5,'CLASS TT'!$AQ8,""),IF('CLASS TT'!$AT8=CF$5,'CLASS TT'!$AU8,""),IF('CLASS TT'!$BB8=CF$5,'CLASS TT'!$BC8,""),IF('CLASS TT'!$AX8=CF$5,'CLASS TT'!$AY8,"")) | CJ8: =CONCATENATE(IF('CLASS TT'!$F8=CJ$5,CONCATENATE('CLASS TT'!$D$5,"-",'CLASS TT'!$D8),""),IF('CLASS TT'!$J8=CJ$5,CONCATENATE('CLASS TT'!$H$5,"-",'CLASS TT'!$H8),""),IF('CLASS TT'!$N8=CJ$5,CONCATENATE('CLASS TT'!$L$5,"-",'CLASS TT'!$L8),""),IF('CLASS TT'!$R8=CJ$5,CONCATENATE('CLASS TT'!$P$5,"-",'CLASS TT'!$P8),""),IF('CLASS TT'!$V8=CJ$5,CONCATENATE('CLASS TT'!$T$5,"-",'CLASS TT'!$T8),""),IF('CLASS TT'!$Z8=CJ$5,CONCATENATE('CLASS TT'!$X$5,"-",'CLASS TT'!$X8),""),IF('CLASS TT'!$AD8=CJ$5,CONCATENATE('CLASS TT'!$AB$5,"-",'CLASS TT'!$AB8),""),IF('CLASS TT'!$AH8=CJ$5,CONCATENATE('CLASS TT'!$AF$5,"-",'CLASS TT'!$AF8),""),IF('CLASS TT'!$AL8=CJ$5,CONCATENATE('CLASS TT'!$AJ$5,"-",'CLASS TT'!$AJ8),""),IF('CLASS TT'!$AP8=CJ$5,CONCATENATE('CLASS TT'!$AN$5,"-",'CLASS TT'!$AN8),""),IF('CLASS TT'!$AT8=CJ$5,CONCATENATE('CLASS TT'!$AR$5,"-",'CLASS TT'!$AR8),""),IF('CLASS TT'!$BB8=CJ$5,CONCATENATE('CLASS TT'!$AZ$5,"-",'CLASS TT'!$AZ8),""),IF('CLASS TT'!$AX8=CJ$5,CONCATENATE('CLASS TT'!$AV$5,"-",'CLASS TT'!$AV8),"")) | CK8: =CONCATENATE(IF('CLASS TT'!$F8=CJ$5,'CLASS TT'!$E8,""),IF('CLASS TT'!$J8=CJ$5,'CLASS TT'!$I8,""),IF('CLASS TT'!$N8=CJ$5,'CLASS TT'!$M8,""),IF('CLASS TT'!$R8=CJ$5,'CLASS TT'!$Q8,""),IF('CLASS TT'!$V8=CJ$5,'CLASS TT'!$U8,""),IF('CLASS TT'!$Z8=CJ$5,'CLASS TT'!$Y8,""),IF('CLASS TT'!$AD8=CJ$5,'CLASS TT'!$AC8,""),IF('CLASS TT'!$AH8=CJ$5,'CLASS TT'!$AG8,""),IF('CLASS TT'!$AL8=CJ$5,'CLASS TT'!$AK8,""),IF('CLASS TT'!$AP8=CJ$5,'CLASS TT'!$AO8,""),IF('CLASS TT'!$AT8=CJ$5,'CLASS TT'!$AS8,""),IF('CLASS TT'!$BB8=CJ$5,'CLASS TT'!$BA8,"")) | CL8: =CONCATENATE(IF('CLASS TT'!$F8=CJ$5,'CLASS TT'!$F8,""),IF('CLASS TT'!$J8=CJ$5,'CLASS TT'!$J8,""),IF('CLASS TT'!$N8=CJ$5,'CLASS TT'!$N8,""),IF('CLASS TT'!$R8=CJ$5,'CLASS TT'!$R8,""),IF('CLASS TT'!$V8=CJ$5,'CLASS TT'!$V8,""),IF('CLASS TT'!$Z8=CJ$5,'CLASS TT'!$Z8,""),IF('CLASS TT'!$AD8=CJ$5,'CLASS TT'!$AD8,""),IF('CLASS TT'!$AH8=CJ$5,'CLASS TT'!$AH8,""),IF('CLASS TT'!$AL8=CJ$5,'CLASS TT'!$AL8,""),IF('CLASS TT'!$AP8=CJ$5,'CLASS TT'!$AP8,""),IF('CLASS TT'!$AT8=CJ$5,'CLASS TT'!$AT8,""),IF('CLASS TT'!$BB8=CJ$5,'CLASS TT'!$BB8,""),IF('CLASS TT'!$AX8=CJ$5,'CLASS TT'!$AX8,"")) | CM8: =CONCATENATE(IF('CLASS TT'!$F8=CJ$5,'CLASS TT'!$G8,""),IF('CLASS TT'!$J8=CJ$5,'CLASS TT'!$K8,""),IF('CLASS TT'!$N8=CJ$5,'CLASS TT'!$O8,""),IF('CLASS TT'!$R8=CJ$5,'CLASS TT'!$S8,""),IF('CLASS TT'!$V8=CJ$5,'CLASS TT'!$W8,""),IF('CLASS TT'!$Z8=CJ$5,'CLASS TT'!$AA8,""),IF('CLASS TT'!$AD8=CJ$5,'CLASS TT'!$AE8,""),IF('CLASS TT'!$AH8=CJ$5,'CLASS TT'!$AI8,""),IF('CLASS TT'!$AL8=CJ$5,'CLASS TT'!$AM8,""),IF('CLASS TT'!$AP8=CJ$5,'CLASS TT'!$AQ8,""),IF('CLASS TT'!$AT8=CJ$5,'CLASS TT'!$AU8,""),IF('CLASS TT'!$BB8=CJ$5,'CLASS TT'!$BC8,""),IF('CLASS TT'!$AX8=CJ$5,'CLASS TT'!$AY8,"")) | CN8: =CONCATENATE(IF('CLASS TT'!$F8=CN$5,CONCATENATE('CLASS TT'!$D$5,"-",'CLASS TT'!$D8),""),IF('CLASS TT'!$J8=CN$5,CONCATENATE('CLASS TT'!$H$5,"-",'CLASS TT'!$H8),""),IF('CLASS TT'!$N8=CN$5,CONCATENATE('CLASS TT'!$L$5,"-",'CLASS TT'!$L8),""),IF('CLASS TT'!$R8=CN$5,CONCATENATE('CLASS TT'!$P$5,"-",'CLASS TT'!$P8),""),IF('CLASS TT'!$V8=CN$5,CONCATENATE('CLASS TT'!$T$5,"-",'CLASS TT'!$T8),""),IF('CLASS TT'!$Z8=CN$5,CONCATENATE('CLASS TT'!$X$5,"-",'CLASS TT'!$X8),""),IF('CLASS TT'!$AD8=CN$5,CONCATENATE('CLASS TT'!$AB$5,"-",'CLASS TT'!$AB8),""),IF('CLASS TT'!$AH8=CN$5,CONCATENATE('CLASS TT'!$AF$5,"-",'CLASS TT'!$AF8),""),IF('CLASS TT'!$AL8=CN$5,CONCATENATE('CLASS TT'!$AJ$5,"-",'CLASS TT'!$AJ8),""),IF('CLASS TT'!$AP8=CN$5,CONCATENATE('CLASS TT'!$AN$5,"-",'CLASS TT'!$AN8),""),IF('CLASS TT'!$AT8=CN$5,CONCATENATE('CLASS TT'!$AR$5,"-",'CLASS TT'!$AR8),""),IF('CLASS TT'!$BB8=CN$5,CONCATENATE('CLASS TT'!$AZ$5,"-",'CLASS TT'!$AZ8),"")) | CO8: =CONCATENATE(IF('CLASS TT'!$F8=CN$5,'CLASS TT'!$E8,""),IF('CLASS TT'!$J8=CN$5,'CLASS TT'!$I8,""),IF('CLASS TT'!$N8=CN$5,'CLASS TT'!$M8,""),IF('CLASS TT'!$R8=CN$5,'CLASS TT'!$Q8,""),IF('CLASS TT'!$V8=CN$5,'CLASS TT'!$U8,""),IF('CLASS TT'!$Z8=CN$5,'CLASS TT'!$Y8,""),IF('CLASS TT'!$AD8=CN$5,'CLASS TT'!$AC8,""),IF('CLASS TT'!$AH8=CN$5,'CLASS TT'!$AG8,""),IF('CLASS TT'!$AL8=CN$5,'CLASS TT'!$AK8,""),IF('CLASS TT'!$AP8=CN$5,'CLASS TT'!$AO8,""),IF('CLASS TT'!$AT8=CN$5,'CLASS TT'!$AS8,""),IF('CLASS TT'!$BB8=CN$5,'CLASS TT'!$BA8,"")) | CP8: =CONCATENATE(IF('CLASS TT'!$F8=CN$5,'CLASS TT'!$F8,""),IF('CLASS TT'!$J8=CN$5,'CLASS TT'!$J8,""),IF('CLASS TT'!$N8=CN$5,'CLASS TT'!$N8,""),IF('CLASS TT'!$R8=CN$5,'CLASS TT'!$R8,""),IF('CLASS TT'!$V8=CN$5,'CLASS TT'!$V8,""),IF('CLASS TT'!$Z8=CN$5,'CLASS TT'!$Z8,""),IF('CLASS TT'!$AD8=CN$5,'CLASS TT'!$AD8,""),IF('CLASS TT'!$AH8=CN$5,'CLASS TT'!$AH8,""),IF('CLASS TT'!$AL8=CN$5,'CLASS TT'!$AL8,""),IF('CLASS TT'!$AP8=CN$5,'CLASS TT'!$AP8,""),IF('CLASS TT'!$AT8=CN$5,'CLASS TT'!$AT8,""),IF('CLASS TT'!$BB8=CN$5,'CLASS TT'!$BB8,"")) | CQ8: =CONCATENATE(IF('CLASS TT'!$F8=CN$5,'CLASS TT'!$G8,""),IF('CLASS TT'!$J8=CN$5,'CLASS TT'!$K8,""),IF('CLASS TT'!$N8=CN$5,'CLASS TT'!$O8,""),IF('CLASS TT'!$R8=CN$5,'CLASS TT'!$S8,""),IF('CLASS TT'!$V8=CN$5,'CLASS TT'!$W8,""),IF('CLASS TT'!$Z8=CN$5,'CLASS TT'!$AA8,""),IF('CLASS TT'!$AD8=CN$5,'CLASS TT'!$AE8,""),IF('CLASS TT'!$AH8=CN$5,'CLASS TT'!$AI8,""),IF('CLASS TT'!$AL8=CN$5,'CLASS TT'!$AM8,""),IF('CLASS TT'!$AP8=CN$5,'CLASS TT'!$AQ8,""),IF('CLASS TT'!$AT8=CN$5,'CLASS TT'!$AU8,""),IF('CLASS TT'!$BB8=CN$5,'CLASS TT'!$BC8,"")) | CR8: =CONCATENATE(IF('CLASS TT'!$F8=CR$5,CONCATENATE('CLASS TT'!$D$5,"-",'CLASS TT'!$D8),""),IF('CLASS TT'!$J8=CR$5,CONCATENATE('CLASS TT'!$H$5,"-",'CLASS TT'!$H8),""),IF('CLASS TT'!$N8=CR$5,CONCATENATE('CLASS TT'!$L$5,"-",'CLASS TT'!$L8),""),IF('CLASS TT'!$R8=CR$5,CONCATENATE('CLASS TT'!$P$5,"-",'CLASS TT'!$P8),""),IF('CLASS TT'!$V8=CR$5,CONCATENATE('CLASS TT'!$T$5,"-",'CLASS TT'!$T8),""),IF('CLASS TT'!$Z8=CR$5,CONCATENATE('CLASS TT'!$X$5,"-",'CLASS TT'!$X8),""),IF('CLASS TT'!$AD8=CR$5,CONCATENATE('CLASS TT'!$AB$5,"-",'CLASS TT'!$AB8),""),IF('CLASS TT'!$AH8=CR$5,CONCATENATE('CLASS TT'!$AF$5,"-",'CLASS TT'!$AF8),""),IF('CLASS TT'!$AL8=CR$5,CONCATENATE('CLASS TT'!$AJ$5,"-",'CLASS TT'!$AJ8),""),IF('CLASS TT'!$AP8=CR$5,CONCATENATE('CLASS TT'!$AN$5,"-",'CLASS TT'!$AN8),""),IF('CLASS TT'!$AT8=CR$5,CONCATENATE('CLASS TT'!$AR$5,"-",'CLASS TT'!$AR8),""),IF('CLASS TT'!$BB8=CR$5,CONCATENATE('CLASS TT'!$AZ$5,"-",'CLASS TT'!$AZ8),""),IF('CLASS TT'!$AX8=CR$5,CONCATENATE('CLASS TT'!$AV$5,"-",'CLASS TT'!$AV8),"")) | CS8: =CONCATENATE(IF('CLASS TT'!$F8=CR$5,'CLASS TT'!$E8,""),IF('CLASS TT'!$J8=CR$5,'CLASS TT'!$I8,""),IF('CLASS TT'!$N8=CR$5,'CLASS TT'!$M8,""),IF('CLASS TT'!$R8=CR$5,'CLASS TT'!$Q8,""),IF('CLASS TT'!$V8=CR$5,'CLASS TT'!$U8,""),IF('CLASS TT'!$Z8=CR$5,'CLASS TT'!$Y8,""),IF('CLASS TT'!$AD8=CR$5,'CLASS TT'!$AC8,""),IF('CLASS TT'!$AH8=CR$5,'CLASS TT'!$AG8,""),IF('CLASS TT'!$AL8=CR$5,'CLASS TT'!$AK8,""),IF('CLASS TT'!$AP8=CR$5,'CLASS TT'!$AO8,""),IF('CLASS TT'!$AT8=CR$5,'CLASS TT'!$AS8,""),IF('CLASS TT'!$BB8=CR$5,'CLASS TT'!$BA8,"")) | CT8: =CONCATENATE(IF('CLASS TT'!$F8=CR$5,'CLASS TT'!$F8,""),IF('CLASS TT'!$J8=CR$5,'CLASS TT'!$J8,""),IF('CLASS TT'!$N8=CR$5,'CLASS TT'!$N8,""),IF('CLASS TT'!$R8=CR$5,'CLASS TT'!$R8,""),IF('CLASS TT'!$V8=CR$5,'CLASS TT'!$V8,""),IF('CLASS TT'!$Z8=CR$5,'CLASS TT'!$Z8,""),IF('CLASS TT'!$AD8=CR$5,'CLASS TT'!$AD8,""),IF('CLASS TT'!$AH8=CR$5,'CLASS TT'!$AH8,""),IF('CLASS TT'!$AL8=CR$5,'CLASS TT'!$AL8,""),IF('CLASS TT'!$AP8=CR$5,'CLASS TT'!$AP8,""),IF('CLASS TT'!$AT8=CR$5,'CLASS TT'!$AT8,""),IF('CLASS TT'!$BB8=CR$5,'CLASS TT'!$BB8,""),IF('CLASS TT'!$AX8=CR$5,'CLASS TT'!$AX8,"")) | CU8: =CONCATENATE(IF('CLASS TT'!$F8=CR$5,'CLASS TT'!$G8,""),IF('CLASS TT'!$J8=CR$5,'CLASS TT'!$K8,""),IF('CLASS TT'!$N8=CR$5,'CLASS TT'!$O8,""),IF('CLASS TT'!$R8=CR$5,'CLASS TT'!$S8,""),IF('CLASS TT'!$V8=CR$5,'CLASS TT'!$W8,""),IF('CLASS TT'!$Z8=CR$5,'CLASS TT'!$AA8,""),IF('CLASS TT'!$AD8=CR$5,'CLASS TT'!$AE8,""),IF('CLASS TT'!$AH8=CR$5,'CLASS TT'!$AI8,""),IF('CLASS TT'!$AL8=CR$5,'CLASS TT'!$AM8,""),IF('CLASS TT'!$AP8=CR$5,'CLASS TT'!$AQ8,""),IF('CLASS TT'!$AT8=CR$5,'CLASS TT'!$AU8,""),IF('CLASS TT'!$BB8=CR$5,'CLASS TT'!$BC8,""),IF('CLASS TT'!$AX8=CR$5,'CLASS TT'!$AY8,"")) | CV8: =CONCATENATE(IF('CLASS TT'!$F8=CV$5,CONCATENATE('CLASS TT'!$D$5,"-",'CLASS TT'!$D8),""),IF('CLASS TT'!$J8=CV$5,CONCATENATE('CLASS TT'!$H$5,"-",'CLASS TT'!$H8),""),IF('CLASS TT'!$N8=CV$5,CONCATENATE('CLASS TT'!$L$5,"-",'CLASS TT'!$L8),""),IF('CLASS TT'!$R8=CV$5,CONCATENATE('CLASS TT'!$P$5,"-",'CLASS TT'!$P8),""),IF('CLASS TT'!$V8=CV$5,CONCATENATE('CLASS TT'!$T$5,"-",'CLASS TT'!$T8),""),IF('CLASS TT'!$Z8=CV$5,CONCATENATE('CLASS TT'!$X$5,"-",'CLASS TT'!$X8),""),IF('CLASS TT'!$AD8=CV$5,CONCATENATE('CLASS TT'!$AB$5,"-",'CLASS TT'!$AB8),""),IF('CLASS TT'!$AH8=CV$5,CONCATENATE('CLASS TT'!$AF$5,"-",'CLASS TT'!$AF8),""),IF('CLASS TT'!$AL8=CV$5,CONCATENATE('CLASS TT'!$AJ$5,"-",'CLASS TT'!$AJ8),""),IF('CLASS TT'!$AP8=CV$5,CONCATENATE('CLASS TT'!$AN$5,"-",'CLASS TT'!$AN8),""),IF('CLASS TT'!$AT8=CV$5,CONCATENATE('CLASS TT'!$AR$5,"-",'CLASS TT'!$AR8),""),IF('CLASS TT'!$BB8=CV$5,CONCATENATE('CLASS TT'!$AZ$5,"-",'CLASS TT'!$AZ8),"")) | CW8: =CONCATENATE(IF('CLASS TT'!$F8=CV$5,'CLASS TT'!$E8,""),IF('CLASS TT'!$J8=CV$5,'CLASS TT'!$I8,""),IF('CLASS TT'!$N8=CV$5,'CLASS TT'!$M8,""),IF('CLASS TT'!$R8=CV$5,'CLASS TT'!$Q8,""),IF('CLASS TT'!$V8=CV$5,'CLASS TT'!$U8,""),IF('CLASS TT'!$Z8=CV$5,'CLASS TT'!$Y8,""),IF('CLASS TT'!$AD8=CV$5,'CLASS TT'!$AC8,""),IF('CLASS TT'!$AH8=CV$5,'CLASS TT'!$AG8,""),IF('CLASS TT'!$AL8=CV$5,'CLASS TT'!$AK8,""),IF('CLASS TT'!$AP8=CV$5,'CLASS TT'!$AO8,""),IF('CLASS TT'!$AT8=CV$5,'CLASS TT'!$AS8,""),IF('CLASS TT'!$BB8=CV$5,'CLASS TT'!$BA8,"")) | CX8: =CONCATENATE(IF('CLASS TT'!$F8=CV$5,'CLASS TT'!$F8,""),IF('CLASS TT'!$J8=CV$5,'CLASS TT'!$J8,""),IF('CLASS TT'!$N8=CV$5,'CLASS TT'!$N8,""),IF('CLASS TT'!$R8=CV$5,'CLASS TT'!$R8,""),IF('CLASS TT'!$V8=CV$5,'CLASS TT'!$V8,""),IF('CLASS TT'!$Z8=CV$5,'CLASS TT'!$Z8,""),IF('CLASS TT'!$AD8=CV$5,'CLASS TT'!$AD8,""),IF('CLASS TT'!$AH8=CV$5,'CLASS TT'!$AH8,""),IF('CLASS TT'!$AL8=CV$5,'CLASS TT'!$AL8,""),IF('CLASS TT'!$AP8=CV$5,'CLASS TT'!$AP8,""),IF('CLASS TT'!$AT8=CV$5,'CLASS TT'!$AT8,""),IF('CLASS TT'!$BB8=CV$5,'CLASS TT'!$BB8,"")) | CY8: =CONCATENATE(IF('CLASS TT'!$F8=CV$5,'CLASS TT'!$G8,""),IF('CLASS TT'!$J8=CV$5,'CLASS TT'!$K8,""),IF('CLASS TT'!$N8=CV$5,'CLASS TT'!$O8,""),IF('CLASS TT'!$R8=CV$5,'CLASS TT'!$S8,""),IF('CLASS TT'!$V8=CV$5,'CLASS TT'!$W8,""),IF('CLASS TT'!$Z8=CV$5,'CLASS TT'!$AA8,""),IF('CLASS TT'!$AD8=CV$5,'CLASS TT'!$AE8,""),IF('CLASS TT'!$AH8=CV$5,'CLASS TT'!$AI8,""),IF('CLASS TT'!$AL8=CV$5,'CLASS TT'!$AM8,""),IF('CLASS TT'!$AP8=CV$5,'CLASS TT'!$AQ8,""),IF('CLASS TT'!$AT8=CV$5,'CLASS TT'!$AU8,""),IF('CLASS TT'!$BB8=CV$5,'CLASS TT'!$BC8,"")) | CZ8: =CONCATENATE(IF('CLASS TT'!$F8=CZ$5,CONCATENATE('CLASS TT'!$D$5,"-",'CLASS TT'!$D8),""),IF('CLASS TT'!$J8=CZ$5,CONCATENATE('CLASS TT'!$H$5,"-",'CLASS TT'!$H8),""),IF('CLASS TT'!$N8=CZ$5,CONCATENATE('CLASS TT'!$L$5,"-",'CLASS TT'!$L8),""),IF('CLASS TT'!$R8=CZ$5,CONCATENATE('CLASS TT'!$P$5,"-",'CLASS TT'!$P8),""),IF('CLASS TT'!$V8=CZ$5,CONCATENATE('CLASS TT'!$T$5,"-",'CLASS TT'!$T8),""),IF('CLASS TT'!$Z8=CZ$5,CONCATENATE('CLASS TT'!$X$5,"-",'CLASS TT'!$X8),""),IF('CLASS TT'!$AD8=CZ$5,CONCATENATE('CLASS TT'!$AB$5,"-",'CLASS TT'!$AB8),""),IF('CLASS TT'!$AH8=CZ$5,CONCATENATE('CLASS TT'!$AF$5,"-",'CLASS TT'!$AF8),""),IF('CLASS TT'!$AL8=CZ$5,CONCATENATE('CLASS TT'!$AJ$5,"-",'CLASS TT'!$AJ8),""),IF('CLASS TT'!$AP8=CZ$5,CONCATENATE('CLASS TT'!$AN$5,"-",'CLASS TT'!$AN8),""),IF('CLASS TT'!$AT8=CZ$5,CONCATENATE('CLASS TT'!$AR$5,"-",'CLASS TT'!$AR8),""),IF('CLASS TT'!$BB8=CZ$5,CONCATENATE('CLASS TT'!$AZ$5,"-",'CLASS TT'!$AZ8),"")) | DA8: =CONCATENATE(IF('CLASS TT'!$F8=CZ$5,'CLASS TT'!$E8,""),IF('CLASS TT'!$J8=CZ$5,'CLASS TT'!$I8,""),IF('CLASS TT'!$N8=CZ$5,'CLASS TT'!$M8,""),IF('CLASS TT'!$R8=CZ$5,'CLASS TT'!$Q8,""),IF('CLASS TT'!$V8=CZ$5,'CLASS TT'!$U8,""),IF('CLASS TT'!$Z8=CZ$5,'CLASS TT'!$Y8,""),IF('CLASS TT'!$AD8=CZ$5,'CLASS TT'!$AC8,""),IF('CLASS TT'!$AH8=CZ$5,'CLASS TT'!$AG8,""),IF('CLASS TT'!$AL8=CZ$5,'CLASS TT'!$AK8,""),IF('CLASS TT'!$AP8=CZ$5,'CLASS TT'!$AO8,""),IF('CLASS TT'!$AT8=CZ$5,'CLASS TT'!$AS8,""),IF('CLASS TT'!$BB8=CZ$5,'CLASS TT'!$BA8,"")) | DB8: =CONCATENATE(IF('CLASS TT'!$F8=CZ$5,'CLASS TT'!$F8,""),IF('CLASS TT'!$J8=CZ$5,'CLASS TT'!$J8,""),IF('CLASS TT'!$N8=CZ$5,'CLASS TT'!$N8,""),IF('CLASS TT'!$R8=CZ$5,'CLASS TT'!$R8,""),IF('CLASS TT'!$V8=CZ$5,'CLASS TT'!$V8,""),IF('CLASS TT'!$Z8=CZ$5,'CLASS TT'!$Z8,""),IF('CLASS TT'!$AD8=CZ$5,'CLASS TT'!$AD8,""),IF('CLASS TT'!$AH8=CZ$5,'CLASS TT'!$AH8,""),IF('CLASS TT'!$AL8=CZ$5,'CLASS TT'!$AL8,""),IF('CLASS TT'!$AP8=CZ$5,'CLASS TT'!$AP8,""),IF('CLASS TT'!$AT8=CZ$5,'CLASS TT'!$AT8,""),IF('CLASS TT'!$BB8=CZ$5,'CLASS TT'!$BB8,"")) | DC8: =CONCATENATE(IF('CLASS TT'!$F8=CZ$5,'CLASS TT'!$G8,""),IF('CLASS TT'!$J8=CZ$5,'CLASS TT'!$K8,""),IF('CLASS TT'!$N8=CZ$5,'CLASS TT'!$O8,""),IF('CLASS TT'!$R8=CZ$5,'CLASS TT'!$S8,""),IF('CLASS TT'!$V8=CZ$5,'CLASS TT'!$W8,""),IF('CLASS TT'!$Z8=CZ$5,'CLASS TT'!$AA8,""),IF('CLASS TT'!$AD8=CZ$5,'CLASS TT'!$AE8,""),IF('CLASS TT'!$AH8=CZ$5,'CLASS TT'!$AI8,""),IF('CLASS TT'!$AL8=CZ$5,'CLASS TT'!$AM8,""),IF('CLASS TT'!$AP8=CZ$5,'CLASS TT'!$AQ8,""),IF('CLASS TT'!$AT8=CZ$5,'CLASS TT'!$AU8,""),IF('CLASS TT'!$BB8=CZ$5,'CLASS TT'!$BC8,"")) | DD8: =TT!$C$8 -> 8:45am to 9:45am | DE8: MON
D9: =CONCATENATE(IF('CLASS TT'!$F9=D$5,CONCATENATE('CLASS TT'!$D$5,"-",'CLASS TT'!$D9),""),IF('CLASS TT'!$J9=D$5,CONCATENATE('CLASS TT'!$H$5,"-",'CLASS TT'!$H9),""),IF('CLASS TT'!$N9=D$5,CONCATENATE('CLASS TT'!$L$5,"-",'CLASS TT'!$L9),""),IF('CLASS TT'!$R9=D$5,CONCATENATE('CLASS TT'!$P$5,"-",'CLASS TT'!$P9),""),IF('CLASS TT'!$V9=D$5,CONCATENATE('CLASS TT'!$T$5,"-",'CLASS TT'!$T9),""),IF('CLASS TT'!$Z9=D$5,CONCATENATE('CLASS TT'!$X$5,"-",'CLASS TT'!$X9),""),IF('CLASS TT'!$AD9=D$5,CONCATENATE('CLASS TT'!$AB$5,"-",'CLASS TT'!$AB9),""),IF('CLASS TT'!$AH9=D$5,CONCATENATE('CLASS TT'!$AF$5,"-",'CLASS TT'!$AF9),""),IF('CLASS TT'!$AL9=D$5,CONCATENATE('CLASS TT'!$AJ$5,"-",'CLASS TT'!$AJ9),""),IF('CLASS TT'!$AP9=D$5,CONCATENATE('CLASS TT'!$AN$5,"-",'CLASS TT'!$AN9),""),IF('CLASS TT'!$AT9=D$5,CONCATENATE('CLASS TT'!$AR$5,"-",'CLASS TT'!$AR9),""),IF('CLASS TT'!$BB9=D$5,CONCATENATE('CLASS TT'!$AZ$5,"-",'CLASS TT'!$AZ9),""),IF('CLASS TT'!$AX9=D$5,CONCATENATE('CLASS TT'!$AV$5,"-",'CLASS TT'!$AV9),"")) | E9: =CONCATENATE(IF('CLASS TT'!$F9=D$5,'CLASS TT'!$E9,""),IF('CLASS TT'!$J9=D$5,'CLASS TT'!$I9,""),IF('CLASS TT'!$N9=D$5,'CLASS TT'!$M9,""),IF('CLASS TT'!$R9=D$5,'CLASS TT'!$Q9,""),IF('CLASS TT'!$V9=D$5,'CLASS TT'!$U9,""),IF('CLASS TT'!$Z9=D$5,'CLASS TT'!$Y9,""),IF('CLASS TT'!$AD9=D$5,'CLASS TT'!$AC9,""),IF('CLASS TT'!$AH9=D$5,'CLASS TT'!$AG9,""),IF('CLASS TT'!$AL9=D$5,'CLASS TT'!$AK9,""),IF('CLASS TT'!$AP9=D$5,'CLASS TT'!$AO9,""),IF('CLASS TT'!$AT9=D$5,'CLASS TT'!$AS9,""),IF('CLASS TT'!$BB9=D$5,'CLASS TT'!$BA9,"")) | F9: =CONCATENATE(IF('CLASS TT'!$F9=D$5,'CLASS TT'!$F9,""),IF('CLASS TT'!$J9=D$5,'CLASS TT'!$J9,""),IF('CLASS TT'!$N9=D$5,'CLASS TT'!$N9,""),IF('CLASS TT'!$R9=D$5,'CLASS TT'!$R9,""),IF('CLASS TT'!$V9=D$5,'CLASS TT'!$V9,""),IF('CLASS TT'!$Z9=D$5,'CLASS TT'!$Z9,""),IF('CLASS TT'!$AD9=D$5,'CLASS TT'!$AD9,""),IF('CLASS TT'!$AH9=D$5,'CLASS TT'!$AH9,""),IF('CLASS TT'!$AL9=D$5,'CLASS TT'!$AL9,""),IF('CLASS TT'!$AP9=D$5,'CLASS TT'!$AP9,""),IF('CLASS TT'!$AT9=D$5,'CLASS TT'!$AT9,""),IF('CLASS TT'!$BB9=D$5,'CLASS TT'!$BB9,""),IF('CLASS TT'!$AX9=D$5,'CLASS TT'!$AX9,"")) | G9: =CONCATENATE(IF('CLASS TT'!$F9=D$5,'CLASS TT'!$G9,""),IF('CLASS TT'!$J9=D$5,'CLASS TT'!$K9,""),IF('CLASS TT'!$N9=D$5,'CLASS TT'!$O9,""),IF('CLASS TT'!$R9=D$5,'CLASS TT'!$S9,""),IF('CLASS TT'!$V9=D$5,'CLASS TT'!$W9,""),IF('CLASS TT'!$Z9=D$5,'CLASS TT'!$AA9,""),IF('CLASS TT'!$AD9=D$5,'CLASS TT'!$AE9,""),IF('CLASS TT'!$AH9=D$5,'CLASS TT'!$AI9,""),IF('CLASS TT'!$AL9=D$5,'CLASS TT'!$AM9,""),IF('CLASS TT'!$AP9=D$5,'CLASS TT'!$AQ9,""),IF('CLASS TT'!$AT9=D$5,'CLASS TT'!$AU9,""),IF('CLASS TT'!$BB9=D$5,'CLASS TT'!$BC9,""),IF('CLASS TT'!$AX9=D$5,'CLASS TT'!$AY9,"")) | H9: =CONCATENATE(IF('CLASS TT'!$F9=H$5,CONCATENATE('CLASS TT'!$D$5,"-",'CLASS TT'!$D9),""),IF('CLASS TT'!$J9=H$5,CONCATENATE('CLASS TT'!$H$5,"-",'CLASS TT'!$H9),""),IF('CLASS TT'!$N9=H$5,CONCATENATE('CLASS TT'!$L$5,"-",'CLASS TT'!$L9),""),IF('CLASS TT'!$R9=H$5,CONCATENATE('CLASS TT'!$P$5,"-",'CLASS TT'!$P9),""),IF('CLASS TT'!$V9=H$5,CONCATENATE('CLASS TT'!$T$5,"-",'CLASS TT'!$T9),""),IF('CLASS TT'!$Z9=H$5,CONCATENATE('CLASS TT'!$X$5,"-",'CLASS TT'!$X9),""),IF('CLASS TT'!$AD9=H$5,CONCATENATE('CLASS TT'!$AB$5,"-",'CLASS TT'!$AB9),""),IF('CLASS TT'!$AH9=H$5,CONCATENATE('CLASS TT'!$AF$5,"-",'CLASS TT'!$AF9),""),IF('CLASS TT'!$AL9=H$5,CONCATENATE('CLASS TT'!$AJ$5,"-",'CLASS TT'!$AJ9),""),IF('CLASS TT'!$AP9=H$5,CONCATENATE('CLASS TT'!$AN$5,"-",'CLASS TT'!$AN9),""),IF('CLASS TT'!$AT9=H$5,CONCATENATE('CLASS TT'!$AR$5,"-",'CLASS TT'!$AR9),""),IF('CLASS TT'!$BB9=H$5,CONCATENATE('CLASS TT'!$AZ$5,"-",'CLASS TT'!$AZ9),""),IF('CLASS TT'!$AX9=H$5,CONCATENATE('CLASS TT'!$AV$5,"-",'CLASS TT'!$AV9),"")) | I9: =CONCATENATE(IF('CLASS TT'!$F9=H$5,'CLASS TT'!$E9,""),IF('CLASS TT'!$J9=H$5,'CLASS TT'!$I9,""),IF('CLASS TT'!$N9=H$5,'CLASS TT'!$M9,""),IF('CLASS TT'!$R9=H$5,'CLASS TT'!$Q9,""),IF('CLASS TT'!$V9=H$5,'CLASS TT'!$U9,""),IF('CLASS TT'!$Z9=H$5,'CLASS TT'!$Y9,""),IF('CLASS TT'!$AD9=H$5,'CLASS TT'!$AC9,""),IF('CLASS TT'!$AH9=H$5,'CLASS TT'!$AG9,""),IF('CLASS TT'!$AL9=H$5,'CLASS TT'!$AK9,""),IF('CLASS TT'!$AP9=H$5,'CLASS TT'!$AO9,""),IF('CLASS TT'!$AT9=H$5,'CLASS TT'!$AS9,""),IF('CLASS TT'!$BB9=H$5,'CLASS TT'!$BA9,"")) | J9: =CONCATENATE(IF('CLASS TT'!$F9=H$5,'CLASS TT'!$F9,""),IF('CLASS TT'!$J9=H$5,'CLASS TT'!$J9,""),IF('CLASS TT'!$N9=H$5,'CLASS TT'!$N9,""),IF('CLASS TT'!$R9=H$5,'CLASS TT'!$R9,""),IF('CLASS TT'!$V9=H$5,'CLASS TT'!$V9,""),IF('CLASS TT'!$Z9=H$5,'CLASS TT'!$Z9,""),IF('CLASS TT'!$AD9=H$5,'CLASS TT'!$AD9,""),IF('CLASS TT'!$AH9=H$5,'CLASS TT'!$AH9,""),IF('CLASS TT'!$AL9=H$5,'CLASS TT'!$AL9,""),IF('CLASS TT'!$AP9=H$5,'CLASS TT'!$AP9,""),IF('CLASS TT'!$AT9=H$5,'CLASS TT'!$AT9,""),IF('CLASS TT'!$BB9=H$5,'CLASS TT'!$BB9,""),IF('CLASS TT'!$AX9=H$5,'CLASS TT'!$AX9,"")) | K9: =CONCATENATE(IF('CLASS TT'!$F9=H$5,'CLASS TT'!$G9,""),IF('CLASS TT'!$J9=H$5,'CLASS TT'!$K9,""),IF('CLASS TT'!$N9=H$5,'CLASS TT'!$O9,""),IF('CLASS TT'!$R9=H$5,'CLASS TT'!$S9,""),IF('CLASS TT'!$V9=H$5,'CLASS TT'!$W9,""),IF('CLASS TT'!$Z9=H$5,'CLASS TT'!$AA9,""),IF('CLASS TT'!$AD9=H$5,'CLASS TT'!$AE9,""),IF('CLASS TT'!$AH9=H$5,'CLASS TT'!$AI9,""),IF('CLASS TT'!$AL9=H$5,'CLASS TT'!$AM9,""),IF('CLASS TT'!$AP9=H$5,'CLASS TT'!$AQ9,""),IF('CLASS TT'!$AT9=H$5,'CLASS TT'!$AU9,""),IF('CLASS TT'!$BB9=H$5,'CLASS TT'!$BC9,""),IF('CLASS TT'!$AX9=H$5,'CLASS TT'!$AY9,"")) | L9: =CONCATENATE(IF('CLASS TT'!$F9=L$5,CONCATENATE('CLASS TT'!$D$5,"-",'CLASS TT'!$D9),""),IF('CLASS TT'!$J9=L$5,CONCATENATE('CLASS TT'!$H$5,"-",'CLASS TT'!$H9),""),IF('CLASS TT'!$N9=L$5,CONCATENATE('CLASS TT'!$L$5,"-",'CLASS TT'!$L9),""),IF('CLASS TT'!$R9=L$5,CONCATENATE('CLASS TT'!$P$5,"-",'CLASS TT'!$P9),""),IF('CLASS TT'!$V9=L$5,CONCATENATE('CLASS TT'!$T$5,"-",'CLASS TT'!$T9),""),IF('CLASS TT'!$Z9=L$5,CONCATENATE('CLASS TT'!$X$5,"-",'CLASS TT'!$X9),""),IF('CLASS TT'!$AD9=L$5,CONCATENATE('CLASS TT'!$AB$5,"-",'CLASS TT'!$AB9),""),IF('CLASS TT'!$AH9=L$5,CONCATENATE('CLASS TT'!$AF$5,"-",'CLASS TT'!$AF9),""),IF('CLASS TT'!$AL9=L$5,CONCATENATE('CLASS TT'!$AJ$5,"-",'CLASS TT'!$AJ9),""),IF('CLASS TT'!$AP9=L$5,CONCATENATE('CLASS TT'!$AN$5,"-",'CLASS TT'!$AN9),""),IF('CLASS TT'!$AT9=L$5,CONCATENATE('CLASS TT'!$AR$5,"-",'CLASS TT'!$AR9),""),IF('CLASS TT'!$BB9=L$5,CONCATENATE('CLASS TT'!$AZ$5,"-",'CLASS TT'!$AZ9),""),IF('CLASS TT'!$AX9=L$5,CONCATENATE('CLASS TT'!$AV$5,"-",'CLASS TT'!$AV9),"")) | M9: =CONCATENATE(IF('CLASS TT'!$F9=L$5,'CLASS TT'!$E9,""),IF('CLASS TT'!$J9=L$5,'CLASS TT'!$I9,""),IF('CLASS TT'!$N9=L$5,'CLASS TT'!$M9,""),IF('CLASS TT'!$R9=L$5,'CLASS TT'!$Q9,""),IF('CLASS TT'!$V9=L$5,'CLASS TT'!$U9,""),IF('CLASS TT'!$Z9=L$5,'CLASS TT'!$Y9,""),IF('CLASS TT'!$AD9=L$5,'CLASS TT'!$AC9,""),IF('CLASS TT'!$AH9=L$5,'CLASS TT'!$AG9,""),IF('CLASS TT'!$AL9=L$5,'CLASS TT'!$AK9,""),IF('CLASS TT'!$AP9=L$5,'CLASS TT'!$AO9,""),IF('CLASS TT'!$AT9=L$5,'CLASS TT'!$AS9,""),IF('CLASS TT'!$BB9=L$5,'CLASS TT'!$BA9,"")) | N9: =CONCATENATE(IF('CLASS TT'!$F9=L$5,'CLASS TT'!$F9,""),IF('CLASS TT'!$J9=L$5,'CLASS TT'!$J9,""),IF('CLASS TT'!$N9=L$5,'CLASS TT'!$N9,""),IF('CLASS TT'!$R9=L$5,'CLASS TT'!$R9,""),IF('CLASS TT'!$V9=L$5,'CLASS TT'!$V9,""),IF('CLASS TT'!$Z9=L$5,'CLASS TT'!$Z9,""),IF('CLASS TT'!$AD9=L$5,'CLASS TT'!$AD9,""),IF('CLASS TT'!$AH9=L$5,'CLASS TT'!$AH9,""),IF('CLASS TT'!$AL9=L$5,'CLASS TT'!$AL9,""),IF('CLASS TT'!$AP9=L$5,'CLASS TT'!$AP9,""),IF('CLASS TT'!$AT9=L$5,'CLASS TT'!$AT9,""),IF('CLASS TT'!$BB9=L$5,'CLASS TT'!$BB9,""),IF('CLASS TT'!$AX9=L$5,'CLASS TT'!$AX9,"")) | O9: =CONCATENATE(IF('CLASS TT'!$F9=L$5,'CLASS TT'!$G9,""),IF('CLASS TT'!$J9=L$5,'CLASS TT'!$K9,""),IF('CLASS TT'!$N9=L$5,'CLASS TT'!$O9,""),IF('CLASS TT'!$R9=L$5,'CLASS TT'!$S9,""),IF('CLASS TT'!$V9=L$5,'CLASS TT'!$W9,""),IF('CLASS TT'!$Z9=L$5,'CLASS TT'!$AA9,""),IF('CLASS TT'!$AD9=L$5,'CLASS TT'!$AE9,""),IF('CLASS TT'!$AH9=L$5,'CLASS TT'!$AI9,""),IF('CLASS TT'!$AL9=L$5,'CLASS TT'!$AM9,""),IF('CLASS TT'!$AP9=L$5,'CLASS TT'!$AQ9,""),IF('CLASS TT'!$AT9=L$5,'CLASS TT'!$AU9,""),IF('CLASS TT'!$BB9=L$5,'CLASS TT'!$BC9,""),IF('CLASS TT'!$AX9=L$5,'CLASS TT'!$AY9,"")) | P9: =CONCATENATE(IF('CLASS TT'!$F9=P$5,CONCATENATE('CLASS TT'!$D$5,"-",'CLASS TT'!$D9),""),IF('CLASS TT'!$J9=P$5,CONCATENATE('CLASS TT'!$H$5,"-",'CLASS TT'!$H9),""),IF('CLASS TT'!$N9=P$5,CONCATENATE('CLASS TT'!$L$5,"-",'CLASS TT'!$L9),""),IF('CLASS TT'!$R9=P$5,CONCATENATE('CLASS TT'!$P$5,"-",'CLASS TT'!$P9),""),IF('CLASS TT'!$V9=P$5,CONCATENATE('CLASS TT'!$T$5,"-",'CLASS TT'!$T9),""),IF('CLASS TT'!$Z9=P$5,CONCATENATE('CLASS TT'!$X$5,"-",'CLASS TT'!$X9),""),IF('CLASS TT'!$AD9=P$5,CONCATENATE('CLASS TT'!$AB$5,"-",'CLASS TT'!$AB9),""),IF('CLASS TT'!$AH9=P$5,CONCATENATE('CLASS TT'!$AF$5,"-",'CLASS TT'!$AF9),""),IF('CLASS TT'!$AL9=P$5,CONCATENATE('CLASS TT'!$AJ$5,"-",'CLASS TT'!$AJ9),""),IF('CLASS TT'!$AP9=P$5,CONCATENATE('CLASS TT'!$AN$5,"-",'CLASS TT'!$AN9),""),IF('CLASS TT'!$AT9=P$5,CONCATENATE('CLASS TT'!$AR$5,"-",'CLASS TT'!$AR9),""),IF('CLASS TT'!$BB9=P$5,CONCATENATE('CLASS TT'!$AZ$5,"-",'CLASS TT'!$AZ9),""),IF('CLASS TT'!$AX9=P$5,CONCATENATE('CLASS TT'!$AV$5,"-",'CLASS TT'!$AV9),"")) | Q9: =CONCATENATE(IF('CLASS TT'!$F9=P$5,'CLASS TT'!$E9,""),IF('CLASS TT'!$J9=P$5,'CLASS TT'!$I9,""),IF('CLASS TT'!$N9=P$5,'CLASS TT'!$M9,""),IF('CLASS TT'!$R9=P$5,'CLASS TT'!$Q9,""),IF('CLASS TT'!$V9=P$5,'CLASS TT'!$U9,""),IF('CLASS TT'!$Z9=P$5,'CLASS TT'!$Y9,""),IF('CLASS TT'!$AD9=P$5,'CLASS TT'!$AC9,""),IF('CLASS TT'!$AH9=P$5,'CLASS TT'!$AG9,""),IF('CLASS TT'!$AL9=P$5,'CLASS TT'!$AK9,""),IF('CLASS TT'!$AP9=P$5,'CLASS TT'!$AO9,""),IF('CLASS TT'!$AT9=P$5,'CLASS TT'!$AS9,""),IF('CLASS TT'!$BB9=P$5,'CLASS TT'!$BA9,"")) | R9: =CONCATENATE(IF('CLASS TT'!$F9=P$5,'CLASS TT'!$F9,""),IF('CLASS TT'!$J9=P$5,'CLASS TT'!$J9,""),IF('CLASS TT'!$N9=P$5,'CLASS TT'!$N9,""),IF('CLASS TT'!$R9=P$5,'CLASS TT'!$R9,""),IF('CLASS TT'!$V9=P$5,'CLASS TT'!$V9,""),IF('CLASS TT'!$Z9=P$5,'CLASS TT'!$Z9,""),IF('CLASS TT'!$AD9=P$5,'CLASS TT'!$AD9,""),IF('CLASS TT'!$AH9=P$5,'CLASS TT'!$AH9,""),IF('CLASS TT'!$AL9=P$5,'CLASS TT'!$AL9,""),IF('CLASS TT'!$AP9=P$5,'CLASS TT'!$AP9,""),IF('CLASS TT'!$AT9=P$5,'CLASS TT'!$AT9,""),IF('CLASS TT'!$BB9=P$5,'CLASS TT'!$BB9,""),IF('CLASS TT'!$AX9=P$5,'CLASS TT'!$AX9,"")) | S9: =CONCATENATE(IF('CLASS TT'!$F9=P$5,'CLASS TT'!$G9,""),IF('CLASS TT'!$J9=P$5,'CLASS TT'!$K9,""),IF('CLASS TT'!$N9=P$5,'CLASS TT'!$O9,""),IF('CLASS TT'!$R9=P$5,'CLASS TT'!$S9,""),IF('CLASS TT'!$V9=P$5,'CLASS TT'!$W9,""),IF('CLASS TT'!$Z9=P$5,'CLASS TT'!$AA9,""),IF('CLASS TT'!$AD9=P$5,'CLASS TT'!$AE9,""),IF('CLASS TT'!$AH9=P$5,'CLASS TT'!$AI9,""),IF('CLASS TT'!$AL9=P$5,'CLASS TT'!$AM9,""),IF('CLASS TT'!$AP9=P$5,'CLASS TT'!$AQ9,""),IF('CLASS TT'!$AT9=P$5,'CLASS TT'!$AU9,""),IF('CLASS TT'!$BB9=P$5,'CLASS TT'!$BC9,""),IF('CLASS TT'!$AX9=P$5,'CLASS TT'!$AY9,"")) | T9: =CONCATENATE(IF('CLASS TT'!$F9=T$5,CONCATENATE('CLASS TT'!$D$5,"-",'CLASS TT'!$D9),""),IF('CLASS TT'!$J9=T$5,CONCATENATE('CLASS TT'!$H$5,"-",'CLASS TT'!$H9),""),IF('CLASS TT'!$N9=T$5,CONCATENATE('CLASS TT'!$L$5,"-",'CLASS TT'!$L9),""),IF('CLASS TT'!$R9=T$5,CONCATENATE('CLASS TT'!$P$5,"-",'CLASS TT'!$P9),""),IF('CLASS TT'!$V9=T$5,CONCATENATE('CLASS TT'!$T$5,"-",'CLASS TT'!$T9),""),IF('CLASS TT'!$Z9=T$5,CONCATENATE('CLASS TT'!$X$5,"-",'CLASS TT'!$X9),""),IF('CLASS TT'!$AD9=T$5,CONCATENATE('CLASS TT'!$AB$5,"-",'CLASS TT'!$AB9),""),IF('CLASS TT'!$AH9=T$5,CONCATENATE('CLASS TT'!$AF$5,"-",'CLASS TT'!$AF9),""),IF('CLASS TT'!$AL9=T$5,CONCATENATE('CLASS TT'!$AJ$5,"-",'CLASS TT'!$AJ9),""),IF('CLASS TT'!$AP9=T$5,CONCATENATE('CLASS TT'!$AN$5,"-",'CLASS TT'!$AN9),""),IF('CLASS TT'!$AT9=T$5,CONCATENATE('CLASS TT'!$AR$5,"-",'CLASS TT'!$AR9),""),IF('CLASS TT'!$BB9=T$5,CONCATENATE('CLASS TT'!$AZ$5,"-",'CLASS TT'!$AZ9),""),IF('CLASS TT'!$AX9=T$5,CONCATENATE('CLASS TT'!$AV$5,"-",'CLASS TT'!$AV9),"")) | U9: =CONCATENATE(IF('CLASS TT'!$F9=T$5,'CLASS TT'!$E9,""),IF('CLASS TT'!$J9=T$5,'CLASS TT'!$I9,""),IF('CLASS TT'!$N9=T$5,'CLASS TT'!$M9,""),IF('CLASS TT'!$R9=T$5,'CLASS TT'!$Q9,""),IF('CLASS TT'!$V9=T$5,'CLASS TT'!$U9,""),IF('CLASS TT'!$Z9=T$5,'CLASS TT'!$Y9,""),IF('CLASS TT'!$AD9=T$5,'CLASS TT'!$AC9,""),IF('CLASS TT'!$AH9=T$5,'CLASS TT'!$AG9,""),IF('CLASS TT'!$AL9=T$5,'CLASS TT'!$AK9,""),IF('CLASS TT'!$AP9=T$5,'CLASS TT'!$AO9,""),IF('CLASS TT'!$AT9=T$5,'CLASS TT'!$AS9,""),IF('CLASS TT'!$BB9=T$5,'CLASS TT'!$BA9,"")) | V9: =CONCATENATE(IF('CLASS TT'!$F9=T$5,'CLASS TT'!$F9,""),IF('CLASS TT'!$J9=T$5,'CLASS TT'!$J9,""),IF('CLASS TT'!$N9=T$5,'CLASS TT'!$N9,""),IF('CLASS TT'!$R9=T$5,'CLASS TT'!$R9,""),IF('CLASS TT'!$V9=T$5,'CLASS TT'!$V9,""),IF('CLASS TT'!$Z9=T$5,'CLASS TT'!$Z9,""),IF('CLASS TT'!$AD9=T$5,'CLASS TT'!$AD9,""),IF('CLASS TT'!$AH9=T$5,'CLASS TT'!$AH9,""),IF('CLASS TT'!$AL9=T$5,'CLASS TT'!$AL9,""),IF('CLASS TT'!$AP9=T$5,'CLASS TT'!$AP9,""),IF('CLASS TT'!$AT9=T$5,'CLASS TT'!$AT9,""),IF('CLASS TT'!$BB9=T$5,'CLASS TT'!$BB9,""),IF('CLASS TT'!$AX9=T$5,'CLASS TT'!$AX9,"")) | W9: =CONCATENATE(IF('CLASS TT'!$F9=T$5,'CLASS TT'!$G9,""),IF('CLASS TT'!$J9=T$5,'CLASS TT'!$K9,""),IF('CLASS TT'!$N9=T$5,'CLASS TT'!$O9,""),IF('CLASS TT'!$R9=T$5,'CLASS TT'!$S9,""),IF('CLASS TT'!$V9=T$5,'CLASS TT'!$W9,""),IF('CLASS TT'!$Z9=T$5,'CLASS TT'!$AA9,""),IF('CLASS TT'!$AD9=T$5,'CLASS TT'!$AE9,""),IF('CLASS TT'!$AH9=T$5,'CLASS TT'!$AI9,""),IF('CLASS TT'!$AL9=T$5,'CLASS TT'!$AM9,""),IF('CLASS TT'!$AP9=T$5,'CLASS TT'!$AQ9,""),IF('CLASS TT'!$AT9=T$5,'CLASS TT'!$AU9,""),IF('CLASS TT'!$BB9=T$5,'CLASS TT'!$BC9,""),IF('CLASS TT'!$AX9=T$5,'CLASS TT'!$AY9,"")) | X9: =CONCATENATE(IF('CLASS TT'!$F9=X$5,CONCATENATE('CLASS TT'!$D$5,"-",'CLASS TT'!$D9),""),IF('CLASS TT'!$J9=X$5,CONCATENATE('CLASS TT'!$H$5,"-",'CLASS TT'!$H9),""),IF('CLASS TT'!$N9=X$5,CONCATENATE('CLASS TT'!$L$5,"-",'CLASS TT'!$L9),""),IF('CLASS TT'!$R9=X$5,CONCATENATE('CLASS TT'!$P$5,"-",'CLASS TT'!$P9),""),IF('CLASS TT'!$V9=X$5,CONCATENATE('CLASS TT'!$T$5,"-",'CLASS TT'!$T9),""),IF('CLASS TT'!$Z9=X$5,CONCATENATE('CLASS TT'!$X$5,"-",'CLASS TT'!$X9),""),IF('CLASS TT'!$AD9=X$5,CONCATENATE('CLASS TT'!$AB$5,"-",'CLASS TT'!$AB9),""),IF('CLASS TT'!$AH9=X$5,CONCATENATE('CLASS TT'!$AF$5,"-",'CLASS TT'!$AF9),""),IF('CLASS TT'!$AL9=X$5,CONCATENATE('CLASS TT'!$AJ$5,"-",'CLASS TT'!$AJ9),""),IF('CLASS TT'!$AP9=X$5,CONCATENATE('CLASS TT'!$AN$5,"-",'CLASS TT'!$AN9),""),IF('CLASS TT'!$AT9=X$5,CONCATENATE('CLASS TT'!$AR$5,"-",'CLASS TT'!$AR9),""),IF('CLASS TT'!$BB9=X$5,CONCATENATE('CLASS TT'!$AZ$5,"-",'CLASS TT'!$AZ9),""),IF('CLASS TT'!$AX9=X$5,CONCATENATE('CLASS TT'!$AV$5,"-",'CLASS TT'!$AV9),"")) | Y9: =CONCATENATE(IF('CLASS TT'!$F9=X$5,'CLASS TT'!$E9,""),IF('CLASS TT'!$J9=X$5,'CLASS TT'!$I9,""),IF('CLASS TT'!$N9=X$5,'CLASS TT'!$M9,""),IF('CLASS TT'!$R9=X$5,'CLASS TT'!$Q9,""),IF('CLASS TT'!$V9=X$5,'CLASS TT'!$U9,""),IF('CLASS TT'!$Z9=X$5,'CLASS TT'!$Y9,""),IF('CLASS TT'!$AD9=X$5,'CLASS TT'!$AC9,""),IF('CLASS TT'!$AH9=X$5,'CLASS TT'!$AG9,""),IF('CLASS TT'!$AL9=X$5,'CLASS TT'!$AK9,""),IF('CLASS TT'!$AP9=X$5,'CLASS TT'!$AO9,""),IF('CLASS TT'!$AT9=X$5,'CLASS TT'!$AS9,""),IF('CLASS TT'!$BB9=X$5,'CLASS TT'!$BA9,"")) | Z9: =CONCATENATE(IF('CLASS TT'!$F9=X$5,'CLASS TT'!$F9,""),IF('CLASS TT'!$J9=X$5,'CLASS TT'!$J9,""),IF('CLASS TT'!$N9=X$5,'CLASS TT'!$N9,""),IF('CLASS TT'!$R9=X$5,'CLASS TT'!$R9,""),IF('CLASS TT'!$V9=X$5,'CLASS TT'!$V9,""),IF('CLASS TT'!$Z9=X$5,'CLASS TT'!$Z9,""),IF('CLASS TT'!$AD9=X$5,'CLASS TT'!$AD9,""),IF('CLASS TT'!$AH9=X$5,'CLASS TT'!$AH9,""),IF('CLASS TT'!$AL9=X$5,'CLASS TT'!$AL9,""),IF('CLASS TT'!$AP9=X$5,'CLASS TT'!$AP9,""),IF('CLASS TT'!$AT9=X$5,'CLASS TT'!$AT9,""),IF('CLASS TT'!$BB9=X$5,'CLASS TT'!$BB9,""),IF('CLASS TT'!$AX9=X$5,'CLASS TT'!$AX9,"")) | AA9: =CONCATENATE(IF('CLASS TT'!$F9=X$5,'CLASS TT'!$G9,""),IF('CLASS TT'!$J9=X$5,'CLASS TT'!$K9,""),IF('CLASS TT'!$N9=X$5,'CLASS TT'!$O9,""),IF('CLASS TT'!$R9=X$5,'CLASS TT'!$S9,""),IF('CLASS TT'!$V9=X$5,'CLASS TT'!$W9,""),IF('CLASS TT'!$Z9=X$5,'CLASS TT'!$AA9,""),IF('CLASS TT'!$AD9=X$5,'CLASS TT'!$AE9,""),IF('CLASS TT'!$AH9=X$5,'CLASS TT'!$AI9,""),IF('CLASS TT'!$AL9=X$5,'CLASS TT'!$AM9,""),IF('CLASS TT'!$AP9=X$5,'CLASS TT'!$AQ9,""),IF('CLASS TT'!$AT9=X$5,'CLASS TT'!$AU9,""),IF('CLASS TT'!$BB9=X$5,'CLASS TT'!$BC9,""),IF('CLASS TT'!$AX9=X$5,'CLASS TT'!$AY9,"")) | AB9: =CONCATENATE(IF('CLASS TT'!$F9=AB$5,CONCATENATE('CLASS TT'!$D$5,"-",'CLASS TT'!$D9),""),IF('CLASS TT'!$J9=AB$5,CONCATENATE('CLASS TT'!$H$5,"-",'CLASS TT'!$H9),""),IF('CLASS TT'!$N9=AB$5,CONCATENATE('CLASS TT'!$L$5,"-",'CLASS TT'!$L9),""),IF('CLASS TT'!$R9=AB$5,CONCATENATE('CLASS TT'!$P$5,"-",'CLASS TT'!$P9),""),IF('CLASS TT'!$V9=AB$5,CONCATENATE('CLASS TT'!$T$5,"-",'CLASS TT'!$T9),""),IF('CLASS TT'!$Z9=AB$5,CONCATENATE('CLASS TT'!$X$5,"-",'CLASS TT'!$X9),""),IF('CLASS TT'!$AD9=AB$5,CONCATENATE('CLASS TT'!$AB$5,"-",'CLASS TT'!$AB9),""),IF('CLASS TT'!$AH9=AB$5,CONCATENATE('CLASS TT'!$AF$5,"-",'CLASS TT'!$AF9),""),IF('CLASS TT'!$AL9=AB$5,CONCATENATE('CLASS TT'!$AJ$5,"-",'CLASS TT'!$AJ9),""),IF('CLASS TT'!$AP9=AB$5,CONCATENATE('CLASS TT'!$AN$5,"-",'CLASS TT'!$AN9),""),IF('CLASS TT'!$AT9=AB$5,CONCATENATE('CLASS TT'!$AR$5,"-",'CLASS TT'!$AR9),""),IF('CLASS TT'!$BB9=AB$5,CONCATENATE('CLASS TT'!$AZ$5,"-",'CLASS TT'!$AZ9),""),IF('CLASS TT'!$AX9=AB$5,CONCATENATE('CLASS TT'!$AV$5,"-",'CLASS TT'!$AV9),"")) | AC9: =CONCATENATE(IF('CLASS TT'!$F9=AB$5,'CLASS TT'!$E9,""),IF('CLASS TT'!$J9=AB$5,'CLASS TT'!$I9,""),IF('CLASS TT'!$N9=AB$5,'CLASS TT'!$M9,""),IF('CLASS TT'!$R9=AB$5,'CLASS TT'!$Q9,""),IF('CLASS TT'!$V9=AB$5,'CLASS TT'!$U9,""),IF('CLASS TT'!$Z9=AB$5,'CLASS TT'!$Y9,""),IF('CLASS TT'!$AD9=AB$5,'CLASS TT'!$AC9,""),IF('CLASS TT'!$AH9=AB$5,'CLASS TT'!$AG9,""),IF('CLASS TT'!$AL9=AB$5,'CLASS TT'!$AK9,""),IF('CLASS TT'!$AP9=AB$5,'CLASS TT'!$AO9,""),IF('CLASS TT'!$AT9=AB$5,'CLASS TT'!$AS9,""),IF('CLASS TT'!$BB9=AB$5,'CLASS TT'!$BA9,"")) | AD9: =CONCATENATE(IF('CLASS TT'!$F9=AB$5,'CLASS TT'!$F9,""),IF('CLASS TT'!$J9=AB$5,'CLASS TT'!$J9,""),IF('CLASS TT'!$N9=AB$5,'CLASS TT'!$N9,""),IF('CLASS TT'!$R9=AB$5,'CLASS TT'!$R9,""),IF('CLASS TT'!$V9=AB$5,'CLASS TT'!$V9,""),IF('CLASS TT'!$Z9=AB$5,'CLASS TT'!$Z9,""),IF('CLASS TT'!$AD9=AB$5,'CLASS TT'!$AD9,""),IF('CLASS TT'!$AH9=AB$5,'CLASS TT'!$AH9,""),IF('CLASS TT'!$AL9=AB$5,'CLASS TT'!$AL9,""),IF('CLASS TT'!$AP9=AB$5,'CLASS TT'!$AP9,""),IF('CLASS TT'!$AT9=AB$5,'CLASS TT'!$AT9,""),IF('CLASS TT'!$BB9=AB$5,'CLASS TT'!$BB9,""),IF('CLASS TT'!$AX9=AB$5,'CLASS TT'!$AX9,"")) | AE9: =CONCATENATE(IF('CLASS TT'!$F9=AB$5,'CLASS TT'!$G9,""),IF('CLASS TT'!$J9=AB$5,'CLASS TT'!$K9,""),IF('CLASS TT'!$N9=AB$5,'CLASS TT'!$O9,""),IF('CLASS TT'!$R9=AB$5,'CLASS TT'!$S9,""),IF('CLASS TT'!$V9=AB$5,'CLASS TT'!$W9,""),IF('CLASS TT'!$Z9=AB$5,'CLASS TT'!$AA9,""),IF('CLASS TT'!$AD9=AB$5,'CLASS TT'!$AE9,""),IF('CLASS TT'!$AH9=AB$5,'CLASS TT'!$AI9,""),IF('CLASS TT'!$AL9=AB$5,'CLASS TT'!$AM9,""),IF('CLASS TT'!$AP9=AB$5,'CLASS TT'!$AQ9,""),IF('CLASS TT'!$AT9=AB$5,'CLASS TT'!$AU9,""),IF('CLASS TT'!$BB9=AB$5,'CLASS TT'!$BC9,""),IF('CLASS TT'!$AX9=AB$5,'CLASS TT'!$AY9,"")) | AF9: =CONCATENATE(IF('CLASS TT'!$F9=AF$5,CONCATENATE('CLASS TT'!$D$5,"-",'CLASS TT'!$D9),""),IF('CLASS TT'!$J9=AF$5,CONCATENATE('CLASS TT'!$H$5,"-",'CLASS TT'!$H9),""),IF('CLASS TT'!$N9=AF$5,CONCATENATE('CLASS TT'!$L$5,"-",'CLASS TT'!$L9),""),IF('CLASS TT'!$R9=AF$5,CONCATENATE('CLASS TT'!$P$5,"-",'CLASS TT'!$P9),""),IF('CLASS TT'!$V9=AF$5,CONCATENATE('CLASS TT'!$T$5,"-",'CLASS TT'!$T9),""),IF('CLASS TT'!$Z9=AF$5,CONCATENATE('CLASS TT'!$X$5,"-",'CLASS TT'!$X9),""),IF('CLASS TT'!$AD9=AF$5,CONCATENATE('CLASS TT'!$AB$5,"-",'CLASS TT'!$AB9),""),IF('CLASS TT'!$AH9=AF$5,CONCATENATE('CLASS TT'!$AF$5,"-",'CLASS TT'!$AF9),""),IF('CLASS TT'!$AL9=AF$5,CONCATENATE('CLASS TT'!$AJ$5,"-",'CLASS TT'!$AJ9),""),IF('CLASS TT'!$AP9=AF$5,CONCATENATE('CLASS TT'!$AN$5,"-",'CLASS TT'!$AN9),""),IF('CLASS TT'!$AT9=AF$5,CONCATENATE('CLASS TT'!$AR$5,"-",'CLASS TT'!$AR9),""),IF('CLASS TT'!$BB9=AF$5,CONCATENATE('CLASS TT'!$AZ$5,"-",'CLASS TT'!$AZ9),""),IF('CLASS TT'!$AX9=AF$5,CONCATENATE('CLASS TT'!$AV$5,"-",'CLASS TT'!$AV9),"")) -> D-1-0D-2-0D-3-0D-4-0D-5-0D-6-0D-7-0D-8-0D-9-0C-10-0A-11-0-0-0 | AG9: =CONCATENATE(IF('CLASS TT'!$F9=AF$5,'CLASS TT'!$E9,""),IF('CLASS TT'!$J9=AF$5,'CLASS TT'!$I9,""),IF('CLASS TT'!$N9=AF$5,'CLASS TT'!$M9,""),IF('CLASS TT'!$R9=AF$5,'CLASS TT'!$Q9,""),IF('CLASS TT'!$V9=AF$5,'CLASS TT'!$U9,""),IF('CLASS TT'!$Z9=AF$5,'CLASS TT'!$Y9,""),IF('CLASS TT'!$AD9=AF$5,'CLASS TT'!$AC9,""),IF('CLASS TT'!$AH9=AF$5,'CLASS TT'!$AG9,""),IF('CLASS TT'!$AL9=AF$5,'CLASS TT'!$AK9,""),IF('CLASS TT'!$AP9=AF$5,'CLASS TT'!$AO9,""),IF('CLASS TT'!$AT9=AF$5,'CLASS TT'!$AS9,""),IF('CLASS TT'!$BB9=AF$5,'CLASS TT'!$BA9,"")) -> 000000000000 | AH9: =CONCATENATE(IF('CLASS TT'!$F9=AF$5,'CLASS TT'!$F9,""),IF('CLASS TT'!$J9=AF$5,'CLASS TT'!$J9,""),IF('CLASS TT'!$N9=AF$5,'CLASS TT'!$N9,""),IF('CLASS TT'!$R9=AF$5,'CLASS TT'!$R9,""),IF('CLASS TT'!$V9=AF$5,'CLASS TT'!$V9,""),IF('CLASS TT'!$Z9=AF$5,'CLASS TT'!$Z9,""),IF('CLASS TT'!$AD9=AF$5,'CLASS TT'!$AD9,""),IF('CLASS TT'!$AH9=AF$5,'CLASS TT'!$AH9,""),IF('CLASS TT'!$AL9=AF$5,'CLASS TT'!$AL9,""),IF('CLASS TT'!$AP9=AF$5,'CLASS TT'!$AP9,""),IF('CLASS TT'!$AT9=AF$5,'CLASS TT'!$AT9,""),IF('CLASS TT'!$BB9=AF$5,'CLASS TT'!$BB9,""),IF('CLASS TT'!$AX9=AF$5,'CLASS TT'!$AX9,"")) -> 0000000000000 | AI9: =CONCATENATE(IF('CLASS TT'!$F9=AF$5,'CLASS TT'!$G9,""),IF('CLASS TT'!$J9=AF$5,'CLASS TT'!$K9,""),IF('CLASS TT'!$N9=AF$5,'CLASS TT'!$O9,""),IF('CLASS TT'!$R9=AF$5,'CLASS TT'!$S9,""),IF('CLASS TT'!$V9=AF$5,'CLASS TT'!$W9,""),IF('CLASS TT'!$Z9=AF$5,'CLASS TT'!$AA9,""),IF('CLASS TT'!$AD9=AF$5,'CLASS TT'!$AE9,""),IF('CLASS TT'!$AH9=AF$5,'CLASS TT'!$AI9,""),IF('CLASS TT'!$AL9=AF$5,'CLASS TT'!$AM9,""),IF('CLASS TT'!$AP9=AF$5,'CLASS TT'!$AQ9,""),IF('CLASS TT'!$AT9=AF$5,'CLASS TT'!$AU9,""),IF('CLASS TT'!$BB9=AF$5,'CLASS TT'!$BC9,""),IF('CLASS TT'!$AX9=AF$5,'CLASS TT'!$AY9,"")) -> 0000000000000 | AJ9: =CONCATENATE(IF('CLASS TT'!$F9=AJ$5,CONCATENATE('CLASS TT'!$D$5,"-",'CLASS TT'!$D9),""),IF('CLASS TT'!$J9=AJ$5,CONCATENATE('CLASS TT'!$H$5,"-",'CLASS TT'!$H9),""),IF('CLASS TT'!$N9=AJ$5,CONCATENATE('CLASS TT'!$L$5,"-",'CLASS TT'!$L9),""),IF('CLASS TT'!$R9=AJ$5,CONCATENATE('CLASS TT'!$P$5,"-",'CLASS TT'!$P9),""),IF('CLASS TT'!$V9=AJ$5,CONCATENATE('CLASS TT'!$T$5,"-",'CLASS TT'!$T9),""),IF('CLASS TT'!$Z9=AJ$5,CONCATENATE('CLASS TT'!$X$5,"-",'CLASS TT'!$X9),""),IF('CLASS TT'!$AD9=AJ$5,CONCATENATE('CLASS TT'!$AB$5,"-",'CLASS TT'!$AB9),""),IF('CLASS TT'!$AH9=AJ$5,CONCATENATE('CLASS TT'!$AF$5,"-",'CLASS TT'!$AF9),""),IF('CLASS TT'!$AL9=AJ$5,CONCATENATE('CLASS TT'!$AJ$5,"-",'CLASS TT'!$AJ9),""),IF('CLASS TT'!$AP9=AJ$5,CONCATENATE('CLASS TT'!$AN$5,"-",'CLASS TT'!$AN9),""),IF('CLASS TT'!$AT9=AJ$5,CONCATENATE('CLASS TT'!$AR$5,"-",'CLASS TT'!$AR9),""),IF('CLASS TT'!$BB9=AJ$5,CONCATENATE('CLASS TT'!$AZ$5,"-",'CLASS TT'!$AZ9),""),IF('CLASS TT'!$AX9=AJ$5,CONCATENATE('CLASS TT'!$AV$5,"-",'CLASS TT'!$AV9),"")) | AK9: =CONCATENATE(IF('CLASS TT'!$F9=AJ$5,'CLASS TT'!$E9,""),IF('CLASS TT'!$J9=AJ$5,'CLASS TT'!$I9,""),IF('CLASS TT'!$N9=AJ$5,'CLASS TT'!$M9,""),IF('CLASS TT'!$R9=AJ$5,'CLASS TT'!$Q9,""),IF('CLASS TT'!$V9=AJ$5,'CLASS TT'!$U9,""),IF('CLASS TT'!$Z9=AJ$5,'CLASS TT'!$Y9,""),IF('CLASS TT'!$AD9=AJ$5,'CLASS TT'!$AC9,""),IF('CLASS TT'!$AH9=AJ$5,'CLASS TT'!$AG9,""),IF('CLASS TT'!$AL9=AJ$5,'CLASS TT'!$AK9,""),IF('CLASS TT'!$AP9=AJ$5,'CLASS TT'!$AO9,""),IF('CLASS TT'!$AT9=AJ$5,'CLASS TT'!$AS9,""),IF('CLASS TT'!$BB9=AJ$5,'CLASS TT'!$BA9,"")) | AL9: =CONCATENATE(IF('CLASS TT'!$F9=AJ$5,'CLASS TT'!$F9,""),IF('CLASS TT'!$J9=AJ$5,'CLASS TT'!$J9,""),IF('CLASS TT'!$N9=AJ$5,'CLASS TT'!$N9,""),IF('CLASS TT'!$R9=AJ$5,'CLASS TT'!$R9,""),IF('CLASS TT'!$V9=AJ$5,'CLASS TT'!$V9,""),IF('CLASS TT'!$Z9=AJ$5,'CLASS TT'!$Z9,""),IF('CLASS TT'!$AD9=AJ$5,'CLASS TT'!$AD9,""),IF('CLASS TT'!$AH9=AJ$5,'CLASS TT'!$AH9,""),IF('CLASS TT'!$AL9=AJ$5,'CLASS TT'!$AL9,""),IF('CLASS TT'!$AP9=AJ$5,'CLASS TT'!$AP9,""),IF('CLASS TT'!$AT9=AJ$5,'CLASS TT'!$AT9,""),IF('CLASS TT'!$BB9=AJ$5,'CLASS TT'!$BB9,""),IF('CLASS TT'!$AX9=AJ$5,'CLASS TT'!$AX9,"")) | AM9: =CONCATENATE(IF('CLASS TT'!$F9=AJ$5,'CLASS TT'!$G9,""),IF('CLASS TT'!$J9=AJ$5,'CLASS TT'!$K9,""),IF('CLASS TT'!$N9=AJ$5,'CLASS TT'!$O9,""),IF('CLASS TT'!$R9=AJ$5,'CLASS TT'!$S9,""),IF('CLASS TT'!$V9=AJ$5,'CLASS TT'!$W9,""),IF('CLASS TT'!$Z9=AJ$5,'CLASS TT'!$AA9,""),IF('CLASS TT'!$AD9=AJ$5,'CLASS TT'!$AE9,""),IF('CLASS TT'!$AH9=AJ$5,'CLASS TT'!$AI9,""),IF('CLASS TT'!$AL9=AJ$5,'CLASS TT'!$AM9,""),IF('CLASS TT'!$AP9=AJ$5,'CLASS TT'!$AQ9,""),IF('CLASS TT'!$AT9=AJ$5,'CLASS TT'!$AU9,""),IF('CLASS TT'!$BB9=AJ$5,'CLASS TT'!$BC9,""),IF('CLASS TT'!$AX9=AJ$5,'CLASS TT'!$AY9,"")) | AN9: =CONCATENATE(IF('CLASS TT'!$F9=AN$5,CONCATENATE('CLASS TT'!$D$5,"-",'CLASS TT'!$D9),""),IF('CLASS TT'!$J9=AN$5,CONCATENATE('CLASS TT'!$H$5,"-",'CLASS TT'!$H9),""),IF('CLASS TT'!$N9=AN$5,CONCATENATE('CLASS TT'!$L$5,"-",'CLASS TT'!$L9),""),IF('CLASS TT'!$R9=AN$5,CONCATENATE('CLASS TT'!$P$5,"-",'CLASS TT'!$P9),""),IF('CLASS TT'!$V9=AN$5,CONCATENATE('CLASS TT'!$T$5,"-",'CLASS TT'!$T9),""),IF('CLASS TT'!$Z9=AN$5,CONCATENATE('CLASS TT'!$X$5,"-",'CLASS TT'!$X9),""),IF('CLASS TT'!$AD9=AN$5,CONCATENATE('CLASS TT'!$AB$5,"-",'CLASS TT'!$AB9),""),IF('CLASS TT'!$AH9=AN$5,CONCATENATE('CLASS TT'!$AF$5,"-",'CLASS TT'!$AF9),""),IF('CLASS TT'!$AL9=AN$5,CONCATENATE('CLASS TT'!$AJ$5,"-",'CLASS TT'!$AJ9),""),IF('CLASS TT'!$AP9=AN$5,CONCATENATE('CLASS TT'!$AN$5,"-",'CLASS TT'!$AN9),""),IF('CLASS TT'!$AT9=AN$5,CONCATENATE('CLASS TT'!$AR$5,"-",'CLASS TT'!$AR9),""),IF('CLASS TT'!$BB9=AN$5,CONCATENATE('CLASS TT'!$AZ$5,"-",'CLASS TT'!$AZ9),""),IF('CLASS TT'!$AX9=AN$5,CONCATENATE('CLASS TT'!$AV$5,"-",'CLASS TT'!$AV9),"")) | AO9: =CONCATENATE(IF('CLASS TT'!$F9=AN$5,'CLASS TT'!$E9,""),IF('CLASS TT'!$J9=AN$5,'CLASS TT'!$I9,""),IF('CLASS TT'!$N9=AN$5,'CLASS TT'!$M9,""),IF('CLASS TT'!$R9=AN$5,'CLASS TT'!$Q9,""),IF('CLASS TT'!$V9=AN$5,'CLASS TT'!$U9,""),IF('CLASS TT'!$Z9=AN$5,'CLASS TT'!$Y9,""),IF('CLASS TT'!$AD9=AN$5,'CLASS TT'!$AC9,""),IF('CLASS TT'!$AH9=AN$5,'CLASS TT'!$AG9,""),IF('CLASS TT'!$AL9=AN$5,'CLASS TT'!$AK9,""),IF('CLASS TT'!$AP9=AN$5,'CLASS TT'!$AO9,""),IF('CLASS TT'!$AT9=AN$5,'CLASS TT'!$AS9,""),IF('CLASS TT'!$BB9=AN$5,'CLASS TT'!$BA9,"")) | AP9: =CONCATENATE(IF('CLASS TT'!$F9=AN$5,'CLASS TT'!$F9,""),IF('CLASS TT'!$J9=AN$5,'CLASS TT'!$J9,""),IF('CLASS TT'!$N9=AN$5,'CLASS TT'!$N9,""),IF('CLASS TT'!$R9=AN$5,'CLASS TT'!$R9,""),IF('CLASS TT'!$V9=AN$5,'CLASS TT'!$V9,""),IF('CLASS TT'!$Z9=AN$5,'CLASS TT'!$Z9,""),IF('CLASS TT'!$AD9=AN$5,'CLASS TT'!$AD9,""),IF('CLASS TT'!$AH9=AN$5,'CLASS TT'!$AH9,""),IF('CLASS TT'!$AL9=AN$5,'CLASS TT'!$AL9,""),IF('CLASS TT'!$AP9=AN$5,'CLASS TT'!$AP9,""),IF('CLASS TT'!$AT9=AN$5,'CLASS TT'!$AT9,""),IF('CLASS TT'!$BB9=AN$5,'CLASS TT'!$BB9,""),IF('CLASS TT'!$AX9=AN$5,'CLASS TT'!$AX9,"")) | AQ9: =CONCATENATE(IF('CLASS TT'!$F9=AN$5,'CLASS TT'!$G9,""),IF('CLASS TT'!$J9=AN$5,'CLASS TT'!$K9,""),IF('CLASS TT'!$N9=AN$5,'CLASS TT'!$O9,""),IF('CLASS TT'!$R9=AN$5,'CLASS TT'!$S9,""),IF('CLASS TT'!$V9=AN$5,'CLASS TT'!$W9,""),IF('CLASS TT'!$Z9=AN$5,'CLASS TT'!$AA9,""),IF('CLASS TT'!$AD9=AN$5,'CLASS TT'!$AE9,""),IF('CLASS TT'!$AH9=AN$5,'CLASS TT'!$AI9,""),IF('CLASS TT'!$AL9=AN$5,'CLASS TT'!$AM9,""),IF('CLASS TT'!$AP9=AN$5,'CLASS TT'!$AQ9,""),IF('CLASS TT'!$AT9=AN$5,'CLASS TT'!$AU9,""),IF('CLASS TT'!$BB9=AN$5,'CLASS TT'!$BC9,""),IF('CLASS TT'!$AX9=AN$5,'CLASS TT'!$AY9,"")) | AR9: =CONCATENATE(IF('CLASS TT'!$F9=AR$5,CONCATENATE('CLASS TT'!$D$5,"-",'CLASS TT'!$D9),""),IF('CLASS TT'!$J9=AR$5,CONCATENATE('CLASS TT'!$H$5,"-",'CLASS TT'!$H9),""),IF('CLASS TT'!$N9=AR$5,CONCATENATE('CLASS TT'!$L$5,"-",'CLASS TT'!$L9),""),IF('CLASS TT'!$R9=AR$5,CONCATENATE('CLASS TT'!$P$5,"-",'CLASS TT'!$P9),""),IF('CLASS TT'!$V9=AR$5,CONCATENATE('CLASS TT'!$T$5,"-",'CLASS TT'!$T9),""),IF('CLASS TT'!$Z9=AR$5,CONCATENATE('CLASS TT'!$X$5,"-",'CLASS TT'!$X9),""),IF('CLASS TT'!$AD9=AR$5,CONCATENATE('CLASS TT'!$AB$5,"-",'CLASS TT'!$AB9),""),IF('CLASS TT'!$AH9=AR$5,CONCATENATE('CLASS TT'!$AF$5,"-",'CLASS TT'!$AF9),""),IF('CLASS TT'!$AL9=AR$5,CONCATENATE('CLASS TT'!$AJ$5,"-",'CLASS TT'!$AJ9),""),IF('CLASS TT'!$AP9=AR$5,CONCATENATE('CLASS TT'!$AN$5,"-",'CLASS TT'!$AN9),""),IF('CLASS TT'!$AT9=AR$5,CONCATENATE('CLASS TT'!$AR$5,"-",'CLASS TT'!$AR9),""),IF('CLASS TT'!$BB9=AR$5,CONCATENATE('CLASS TT'!$AZ$5,"-",'CLASS TT'!$AZ9),""),IF('CLASS TT'!$AX9=AR$5,CONCATENATE('CLASS TT'!$AV$5,"-",'CLASS TT'!$AV9),"")) | AS9: =CONCATENATE(IF('CLASS TT'!$F9=AR$5,'CLASS TT'!$E9,""),IF('CLASS TT'!$J9=AR$5,'CLASS TT'!$I9,""),IF('CLASS TT'!$N9=AR$5,'CLASS TT'!$M9,""),IF('CLASS TT'!$R9=AR$5,'CLASS TT'!$Q9,""),IF('CLASS TT'!$V9=AR$5,'CLASS TT'!$U9,""),IF('CLASS TT'!$Z9=AR$5,'CLASS TT'!$Y9,""),IF('CLASS TT'!$AD9=AR$5,'CLASS TT'!$AC9,""),IF('CLASS TT'!$AH9=AR$5,'CLASS TT'!$AG9,""),IF('CLASS TT'!$AL9=AR$5,'CLASS TT'!$AK9,""),IF('CLASS TT'!$AP9=AR$5,'CLASS TT'!$AO9,""),IF('CLASS TT'!$AT9=AR$5,'CLASS TT'!$AS9,""),IF('CLASS TT'!$BB9=AR$5,'CLASS TT'!$BA9,"")) | AT9: =CONCATENATE(IF('CLASS TT'!$F9=AR$5,'CLASS TT'!$F9,""),IF('CLASS TT'!$J9=AR$5,'CLASS TT'!$J9,""),IF('CLASS TT'!$N9=AR$5,'CLASS TT'!$N9,""),IF('CLASS TT'!$R9=AR$5,'CLASS TT'!$R9,""),IF('CLASS TT'!$V9=AR$5,'CLASS TT'!$V9,""),IF('CLASS TT'!$Z9=AR$5,'CLASS TT'!$Z9,""),IF('CLASS TT'!$AD9=AR$5,'CLASS TT'!$AD9,""),IF('CLASS TT'!$AH9=AR$5,'CLASS TT'!$AH9,""),IF('CLASS TT'!$AL9=AR$5,'CLASS TT'!$AL9,""),IF('CLASS TT'!$AP9=AR$5,'CLASS TT'!$AP9,""),IF('CLASS TT'!$AT9=AR$5,'CLASS TT'!$AT9,""),IF('CLASS TT'!$BB9=AR$5,'CLASS TT'!$BB9,""),IF('CLASS TT'!$AX9=AR$5,'CLASS TT'!$AX9,"")) | AU9: =CONCATENATE(IF('CLASS TT'!$F9=AR$5,'CLASS TT'!$G9,""),IF('CLASS TT'!$J9=AR$5,'CLASS TT'!$K9,""),IF('CLASS TT'!$N9=AR$5,'CLASS TT'!$O9,""),IF('CLASS TT'!$R9=AR$5,'CLASS TT'!$S9,""),IF('CLASS TT'!$V9=AR$5,'CLASS TT'!$W9,""),IF('CLASS TT'!$Z9=AR$5,'CLASS TT'!$AA9,""),IF('CLASS TT'!$AD9=AR$5,'CLASS TT'!$AE9,""),IF('CLASS TT'!$AH9=AR$5,'CLASS TT'!$AI9,""),IF('CLASS TT'!$AL9=AR$5,'CLASS TT'!$AM9,""),IF('CLASS TT'!$AP9=AR$5,'CLASS TT'!$AQ9,""),IF('CLASS TT'!$AT9=AR$5,'CLASS TT'!$AU9,""),IF('CLASS TT'!$BB9=AR$5,'CLASS TT'!$BC9,""),IF('CLASS TT'!$AX9=AR$5,'CLASS TT'!$AY9,"")) | AV9: =CONCATENATE(IF('CLASS TT'!$F9=AV$5,CONCATENATE('CLASS TT'!$D$5,"-",'CLASS TT'!$D9),""),IF('CLASS TT'!$J9=AV$5,CONCATENATE('CLASS TT'!$H$5,"-",'CLASS TT'!$H9),""),IF('CLASS TT'!$N9=AV$5,CONCATENATE('CLASS TT'!$L$5,"-",'CLASS TT'!$L9),""),IF('CLASS TT'!$R9=AV$5,CONCATENATE('CLASS TT'!$P$5,"-",'CLASS TT'!$P9),""),IF('CLASS TT'!$V9=AV$5,CONCATENATE('CLASS TT'!$T$5,"-",'CLASS TT'!$T9),""),IF('CLASS TT'!$Z9=AV$5,CONCATENATE('CLASS TT'!$X$5,"-",'CLASS TT'!$X9),""),IF('CLASS TT'!$AD9=AV$5,CONCATENATE('CLASS TT'!$AB$5,"-",'CLASS TT'!$AB9),""),IF('CLASS TT'!$AH9=AV$5,CONCATENATE('CLASS TT'!$AF$5,"-",'CLASS TT'!$AF9),""),IF('CLASS TT'!$AL9=AV$5,CONCATENATE('CLASS TT'!$AJ$5,"-",'CLASS TT'!$AJ9),""),IF('CLASS TT'!$AP9=AV$5,CONCATENATE('CLASS TT'!$AN$5,"-",'CLASS TT'!$AN9),""),IF('CLASS TT'!$AT9=AV$5,CONCATENATE('CLASS TT'!$AR$5,"-",'CLASS TT'!$AR9),""),IF('CLASS TT'!$BB9=AV$5,CONCATENATE('CLASS TT'!$AZ$5,"-",'CLASS TT'!$AZ9),""),IF('CLASS TT'!$AX9=AV$5,CONCATENATE('CLASS TT'!$AV$5,"-",'CLASS TT'!$AV9),"")) | AW9: =CONCATENATE(IF('CLASS TT'!$F9=AV$5,'CLASS TT'!$E9,""),IF('CLASS TT'!$J9=AV$5,'CLASS TT'!$I9,""),IF('CLASS TT'!$N9=AV$5,'CLASS TT'!$M9,""),IF('CLASS TT'!$R9=AV$5,'CLASS TT'!$Q9,""),IF('CLASS TT'!$V9=AV$5,'CLASS TT'!$U9,""),IF('CLASS TT'!$Z9=AV$5,'CLASS TT'!$Y9,""),IF('CLASS TT'!$AD9=AV$5,'CLASS TT'!$AC9,""),IF('CLASS TT'!$AH9=AV$5,'CLASS TT'!$AG9,""),IF('CLASS TT'!$AL9=AV$5,'CLASS TT'!$AK9,""),IF('CLASS TT'!$AP9=AV$5,'CLASS TT'!$AO9,""),IF('CLASS TT'!$AT9=AV$5,'CLASS TT'!$AS9,""),IF('CLASS TT'!$BB9=AV$5,'CLASS TT'!$BA9,"")) | AX9: =CONCATENATE(IF('CLASS TT'!$F9=AV$5,'CLASS TT'!$F9,""),IF('CLASS TT'!$J9=AV$5,'CLASS TT'!$J9,""),IF('CLASS TT'!$N9=AV$5,'CLASS TT'!$N9,""),IF('CLASS TT'!$R9=AV$5,'CLASS TT'!$R9,""),IF('CLASS TT'!$V9=AV$5,'CLASS TT'!$V9,""),IF('CLASS TT'!$Z9=AV$5,'CLASS TT'!$Z9,""),IF('CLASS TT'!$AD9=AV$5,'CLASS TT'!$AD9,""),IF('CLASS TT'!$AH9=AV$5,'CLASS TT'!$AH9,""),IF('CLASS TT'!$AL9=AV$5,'CLASS TT'!$AL9,""),IF('CLASS TT'!$AP9=AV$5,'CLASS TT'!$AP9,""),IF('CLASS TT'!$AT9=AV$5,'CLASS TT'!$AT9,""),IF('CLASS TT'!$BB9=AV$5,'CLASS TT'!$BB9,""),IF('CLASS TT'!$AX9=AV$5,'CLASS TT'!$AX9,"")) | AY9: =CONCATENATE(IF('CLASS TT'!$F9=AV$5,'CLASS TT'!$G9,""),IF('CLASS TT'!$J9=AV$5,'CLASS TT'!$K9,""),IF('CLASS TT'!$N9=AV$5,'CLASS TT'!$O9,""),IF('CLASS TT'!$R9=AV$5,'CLASS TT'!$S9,""),IF('CLASS TT'!$V9=AV$5,'CLASS TT'!$W9,""),IF('CLASS TT'!$Z9=AV$5,'CLASS TT'!$AA9,""),IF('CLASS TT'!$AD9=AV$5,'CLASS TT'!$AE9,""),IF('CLASS TT'!$AH9=AV$5,'CLASS TT'!$AI9,""),IF('CLASS TT'!$AL9=AV$5,'CLASS TT'!$AM9,""),IF('CLASS TT'!$AP9=AV$5,'CLASS TT'!$AQ9,""),IF('CLASS TT'!$AT9=AV$5,'CLASS TT'!$AU9,""),IF('CLASS TT'!$BB9=AV$5,'CLASS TT'!$BC9,""),IF('CLASS TT'!$AX9=AV$5,'CLASS TT'!$AY9,"")) | AZ9: =CONCATENATE(IF('CLASS TT'!$F9=AZ$5,CONCATENATE('CLASS TT'!$D$5,"-",'CLASS TT'!$D9),""),IF('CLASS TT'!$J9=AZ$5,CONCATENATE('CLASS TT'!$H$5,"-",'CLASS TT'!$H9),""),IF('CLASS TT'!$N9=AZ$5,CONCATENATE('CLASS TT'!$L$5,"-",'CLASS TT'!$L9),""),IF('CLASS TT'!$R9=AZ$5,CONCATENATE('CLASS TT'!$P$5,"-",'CLASS TT'!$P9),""),IF('CLASS TT'!$V9=AZ$5,CONCATENATE('CLASS TT'!$T$5,"-",'CLASS TT'!$T9),""),IF('CLASS TT'!$Z9=AZ$5,CONCATENATE('CLASS TT'!$X$5,"-",'CLASS TT'!$X9),""),IF('CLASS TT'!$AD9=AZ$5,CONCATENATE('CLASS TT'!$AB$5,"-",'CLASS TT'!$AB9),""),IF('CLASS TT'!$AH9=AZ$5,CONCATENATE('CLASS TT'!$AF$5,"-",'CLASS TT'!$AF9),""),IF('CLASS TT'!$AL9=AZ$5,CONCATENATE('CLASS TT'!$AJ$5,"-",'CLASS TT'!$AJ9),""),IF('CLASS TT'!$AP9=AZ$5,CONCATENATE('CLASS TT'!$AN$5,"-",'CLASS TT'!$AN9),""),IF('CLASS TT'!$AT9=AZ$5,CONCATENATE('CLASS TT'!$AR$5,"-",'CLASS TT'!$AR9),""),IF('CLASS TT'!$BB9=AZ$5,CONCATENATE('CLASS TT'!$AZ$5,"-",'CLASS TT'!$AZ9),""),IF('CLASS TT'!$AX9=AZ$5,CONCATENATE('CLASS TT'!$AV$5,"-",'CLASS TT'!$AV9),"")) | BA9: =CONCATENATE(IF('CLASS TT'!$F9=AZ$5,'CLASS TT'!$E9,""),IF('CLASS TT'!$J9=AZ$5,'CLASS TT'!$I9,""),IF('CLASS TT'!$N9=AZ$5,'CLASS TT'!$M9,""),IF('CLASS TT'!$R9=AZ$5,'CLASS TT'!$Q9,""),IF('CLASS TT'!$V9=AZ$5,'CLASS TT'!$U9,""),IF('CLASS TT'!$Z9=AZ$5,'CLASS TT'!$Y9,""),IF('CLASS TT'!$AD9=AZ$5,'CLASS TT'!$AC9,""),IF('CLASS TT'!$AH9=AZ$5,'CLASS TT'!$AG9,""),IF('CLASS TT'!$AL9=AZ$5,'CLASS TT'!$AK9,""),IF('CLASS TT'!$AP9=AZ$5,'CLASS TT'!$AO9,""),IF('CLASS TT'!$AT9=AZ$5,'CLASS TT'!$AS9,""),IF('CLASS TT'!$BB9=AZ$5,'CLASS TT'!$BA9,"")) | BB9: =CONCATENATE(IF('CLASS TT'!$F9=AZ$5,'CLASS TT'!$F9,""),IF('CLASS TT'!$J9=AZ$5,'CLASS TT'!$J9,""),IF('CLASS TT'!$N9=AZ$5,'CLASS TT'!$N9,""),IF('CLASS TT'!$R9=AZ$5,'CLASS TT'!$R9,""),IF('CLASS TT'!$V9=AZ$5,'CLASS TT'!$V9,""),IF('CLASS TT'!$Z9=AZ$5,'CLASS TT'!$Z9,""),IF('CLASS TT'!$AD9=AZ$5,'CLASS TT'!$AD9,""),IF('CLASS TT'!$AH9=AZ$5,'CLASS TT'!$AH9,""),IF('CLASS TT'!$AL9=AZ$5,'CLASS TT'!$AL9,""),IF('CLASS TT'!$AP9=AZ$5,'CLASS TT'!$AP9,""),IF('CLASS TT'!$AT9=AZ$5,'CLASS TT'!$AT9,""),IF('CLASS TT'!$BB9=AZ$5,'CLASS TT'!$BB9,""),IF('CLASS TT'!$AX9=AZ$5,'CLASS TT'!$AX9,"")) | BC9: =CONCATENATE(IF('CLASS TT'!$F9=AZ$5,'CLASS TT'!$G9,""),IF('CLASS TT'!$J9=AZ$5,'CLASS TT'!$K9,""),IF('CLASS TT'!$N9=AZ$5,'CLASS TT'!$O9,""),IF('CLASS TT'!$R9=AZ$5,'CLASS TT'!$S9,""),IF('CLASS TT'!$V9=AZ$5,'CLASS TT'!$W9,""),IF('CLASS TT'!$Z9=AZ$5,'CLASS TT'!$AA9,""),IF('CLASS TT'!$AD9=AZ$5,'CLASS TT'!$AE9,""),IF('CLASS TT'!$AH9=AZ$5,'CLASS TT'!$AI9,""),IF('CLASS TT'!$AL9=AZ$5,'CLASS TT'!$AM9,""),IF('CLASS TT'!$AP9=AZ$5,'CLASS TT'!$AQ9,""),IF('CLASS TT'!$AT9=AZ$5,'CLASS TT'!$AU9,""),IF('CLASS TT'!$BB9=AZ$5,'CLASS TT'!$BC9,""),IF('CLASS TT'!$AX9=AZ$5,'CLASS TT'!$AY9,"")) | BD9: =CONCATENATE(IF('CLASS TT'!$F9=BD$5,CONCATENATE('CLASS TT'!$D$5,"-",'CLASS TT'!$D9),""),IF('CLASS TT'!$J9=BD$5,CONCATENATE('CLASS TT'!$H$5,"-",'CLASS TT'!$H9),""),IF('CLASS TT'!$N9=BD$5,CONCATENATE('CLASS TT'!$L$5,"-",'CLASS TT'!$L9),""),IF('CLASS TT'!$R9=BD$5,CONCATENATE('CLASS TT'!$P$5,"-",'CLASS TT'!$P9),""),IF('CLASS TT'!$V9=BD$5,CONCATENATE('CLASS TT'!$T$5,"-",'CLASS TT'!$T9),""),IF('CLASS TT'!$Z9=BD$5,CONCATENATE('CLASS TT'!$X$5,"-",'CLASS TT'!$X9),""),IF('CLASS TT'!$AD9=BD$5,CONCATENATE('CLASS TT'!$AB$5,"-",'CLASS TT'!$AB9),""),IF('CLASS TT'!$AH9=BD$5,CONCATENATE('CLASS TT'!$AF$5,"-",'CLASS TT'!$AF9),""),IF('CLASS TT'!$AL9=BD$5,CONCATENATE('CLASS TT'!$AJ$5,"-",'CLASS TT'!$AJ9),""),IF('CLASS TT'!$AP9=BD$5,CONCATENATE('CLASS TT'!$AN$5,"-",'CLASS TT'!$AN9),""),IF('CLASS TT'!$AT9=BD$5,CONCATENATE('CLASS TT'!$AR$5,"-",'CLASS TT'!$AR9),""),IF('CLASS TT'!$BB9=BD$5,CONCATENATE('CLASS TT'!$AZ$5,"-",'CLASS TT'!$AZ9),""),IF('CLASS TT'!$AX9=BD$5,CONCATENATE('CLASS TT'!$AV$5,"-",'CLASS TT'!$AV9),"")) | BE9: =CONCATENATE(IF('CLASS TT'!$F9=BD$5,'CLASS TT'!$E9,""),IF('CLASS TT'!$J9=BD$5,'CLASS TT'!$I9,""),IF('CLASS TT'!$N9=BD$5,'CLASS TT'!$M9,""),IF('CLASS TT'!$R9=BD$5,'CLASS TT'!$Q9,""),IF('CLASS TT'!$V9=BD$5,'CLASS TT'!$U9,""),IF('CLASS TT'!$Z9=BD$5,'CLASS TT'!$Y9,""),IF('CLASS TT'!$AD9=BD$5,'CLASS TT'!$AC9,""),IF('CLASS TT'!$AH9=BD$5,'CLASS TT'!$AG9,""),IF('CLASS TT'!$AL9=BD$5,'CLASS TT'!$AK9,""),IF('CLASS TT'!$AP9=BD$5,'CLASS TT'!$AO9,""),IF('CLASS TT'!$AT9=BD$5,'CLASS TT'!$AS9,""),IF('CLASS TT'!$BB9=BD$5,'CLASS TT'!$BA9,"")) | BF9: =CONCATENATE(IF('CLASS TT'!$F9=BD$5,'CLASS TT'!$F9,""),IF('CLASS TT'!$J9=BD$5,'CLASS TT'!$J9,""),IF('CLASS TT'!$N9=BD$5,'CLASS TT'!$N9,""),IF('CLASS TT'!$R9=BD$5,'CLASS TT'!$R9,""),IF('CLASS TT'!$V9=BD$5,'CLASS TT'!$V9,""),IF('CLASS TT'!$Z9=BD$5,'CLASS TT'!$Z9,""),IF('CLASS TT'!$AD9=BD$5,'CLASS TT'!$AD9,""),IF('CLASS TT'!$AH9=BD$5,'CLASS TT'!$AH9,""),IF('CLASS TT'!$AL9=BD$5,'CLASS TT'!$AL9,""),IF('CLASS TT'!$AP9=BD$5,'CLASS TT'!$AP9,""),IF('CLASS TT'!$AT9=BD$5,'CLASS TT'!$AT9,""),IF('CLASS TT'!$BB9=BD$5,'CLASS TT'!$BB9,""),IF('CLASS TT'!$AX9=BD$5,'CLASS TT'!$AX9,"")) | BG9: =CONCATENATE(IF('CLASS TT'!$F9=BD$5,'CLASS TT'!$G9,""),IF('CLASS TT'!$J9=BD$5,'CLASS TT'!$K9,""),IF('CLASS TT'!$N9=BD$5,'CLASS TT'!$O9,""),IF('CLASS TT'!$R9=BD$5,'CLASS TT'!$S9,""),IF('CLASS TT'!$V9=BD$5,'CLASS TT'!$W9,""),IF('CLASS TT'!$Z9=BD$5,'CLASS TT'!$AA9,""),IF('CLASS TT'!$AD9=BD$5,'CLASS TT'!$AE9,""),IF('CLASS TT'!$AH9=BD$5,'CLASS TT'!$AI9,""),IF('CLASS TT'!$AL9=BD$5,'CLASS TT'!$AM9,""),IF('CLASS TT'!$AP9=BD$5,'CLASS TT'!$AQ9,""),IF('CLASS TT'!$AT9=BD$5,'CLASS TT'!$AU9,""),IF('CLASS TT'!$BB9=BD$5,'CLASS TT'!$BC9,""),IF('CLASS TT'!$AX9=BD$5,'CLASS TT'!$AY9,"")) | BH9: =CONCATENATE(IF('CLASS TT'!$F9=BH$5,CONCATENATE('CLASS TT'!$D$5,"-",'CLASS TT'!$D9),""),IF('CLASS TT'!$J9=BH$5,CONCATENATE('CLASS TT'!$H$5,"-",'CLASS TT'!$H9),""),IF('CLASS TT'!$N9=BH$5,CONCATENATE('CLASS TT'!$L$5,"-",'CLASS TT'!$L9),""),IF('CLASS TT'!$R9=BH$5,CONCATENATE('CLASS TT'!$P$5,"-",'CLASS TT'!$P9),""),IF('CLASS TT'!$V9=BH$5,CONCATENATE('CLASS TT'!$T$5,"-",'CLASS TT'!$T9),""),IF('CLASS TT'!$Z9=BH$5,CONCATENATE('CLASS TT'!$X$5,"-",'CLASS TT'!$X9),""),IF('CLASS TT'!$AD9=BH$5,CONCATENATE('CLASS TT'!$AB$5,"-",'CLASS TT'!$AB9),""),IF('CLASS TT'!$AH9=BH$5,CONCATENATE('CLASS TT'!$AF$5,"-",'CLASS TT'!$AF9),""),IF('CLASS TT'!$AL9=BH$5,CONCATENATE('CLASS TT'!$AJ$5,"-",'CLASS TT'!$AJ9),""),IF('CLASS TT'!$AP9=BH$5,CONCATENATE('CLASS TT'!$AN$5,"-",'CLASS TT'!$AN9),""),IF('CLASS TT'!$AT9=BH$5,CONCATENATE('CLASS TT'!$AR$5,"-",'CLASS TT'!$AR9),""),IF('CLASS TT'!$BB9=BH$5,CONCATENATE('CLASS TT'!$AZ$5,"-",'CLASS TT'!$AZ9),""),IF('CLASS TT'!$AX9=BH$5,CONCATENATE('CLASS TT'!$AV$5,"-",'CLASS TT'!$AV9),"")) | BI9: =CONCATENATE(IF('CLASS TT'!$F9=BH$5,'CLASS TT'!$E9,""),IF('CLASS TT'!$J9=BH$5,'CLASS TT'!$I9,""),IF('CLASS TT'!$N9=BH$5,'CLASS TT'!$M9,""),IF('CLASS TT'!$R9=BH$5,'CLASS TT'!$Q9,""),IF('CLASS TT'!$V9=BH$5,'CLASS TT'!$U9,""),IF('CLASS TT'!$Z9=BH$5,'CLASS TT'!$Y9,""),IF('CLASS TT'!$AD9=BH$5,'CLASS TT'!$AC9,""),IF('CLASS TT'!$AH9=BH$5,'CLASS TT'!$AG9,""),IF('CLASS TT'!$AL9=BH$5,'CLASS TT'!$AK9,""),IF('CLASS TT'!$AP9=BH$5,'CLASS TT'!$AO9,""),IF('CLASS TT'!$AT9=BH$5,'CLASS TT'!$AS9,""),IF('CLASS TT'!$BB9=BH$5,'CLASS TT'!$BA9,"")) | BJ9: =CONCATENATE(IF('CLASS TT'!$F9=BH$5,'CLASS TT'!$F9,""),IF('CLASS TT'!$J9=BH$5,'CLASS TT'!$J9,""),IF('CLASS TT'!$N9=BH$5,'CLASS TT'!$N9,""),IF('CLASS TT'!$R9=BH$5,'CLASS TT'!$R9,""),IF('CLASS TT'!$V9=BH$5,'CLASS TT'!$V9,""),IF('CLASS TT'!$Z9=BH$5,'CLASS TT'!$Z9,""),IF('CLASS TT'!$AD9=BH$5,'CLASS TT'!$AD9,""),IF('CLASS TT'!$AH9=BH$5,'CLASS TT'!$AH9,""),IF('CLASS TT'!$AL9=BH$5,'CLASS TT'!$AL9,""),IF('CLASS TT'!$AP9=BH$5,'CLASS TT'!$AP9,""),IF('CLASS TT'!$AT9=BH$5,'CLASS TT'!$AT9,""),IF('CLASS TT'!$BB9=BH$5,'CLASS TT'!$BB9,""),IF('CLASS TT'!$AX9=BH$5,'CLASS TT'!$AX9,"")) | BK9: =CONCATENATE(IF('CLASS TT'!$F9=BH$5,'CLASS TT'!$G9,""),IF('CLASS TT'!$J9=BH$5,'CLASS TT'!$K9,""),IF('CLASS TT'!$N9=BH$5,'CLASS TT'!$O9,""),IF('CLASS TT'!$R9=BH$5,'CLASS TT'!$S9,""),IF('CLASS TT'!$V9=BH$5,'CLASS TT'!$W9,""),IF('CLASS TT'!$Z9=BH$5,'CLASS TT'!$AA9,""),IF('CLASS TT'!$AD9=BH$5,'CLASS TT'!$AE9,""),IF('CLASS TT'!$AH9=BH$5,'CLASS TT'!$AI9,""),IF('CLASS TT'!$AL9=BH$5,'CLASS TT'!$AM9,""),IF('CLASS TT'!$AP9=BH$5,'CLASS TT'!$AQ9,""),IF('CLASS TT'!$AT9=BH$5,'CLASS TT'!$AU9,""),IF('CLASS TT'!$BB9=BH$5,'CLASS TT'!$BC9,""),IF('CLASS TT'!$AX9=BH$5,'CLASS TT'!$AY9,"")) | BL9: =CONCATENATE(IF('CLASS TT'!$F9=BL$5,CONCATENATE('CLASS TT'!$D$5,"-",'CLASS TT'!$D9),""),IF('CLASS TT'!$J9=BL$5,CONCATENATE('CLASS TT'!$H$5,"-",'CLASS TT'!$H9),""),IF('CLASS TT'!$N9=BL$5,CONCATENATE('CLASS TT'!$L$5,"-",'CLASS TT'!$L9),""),IF('CLASS TT'!$R9=BL$5,CONCATENATE('CLASS TT'!$P$5,"-",'CLASS TT'!$P9),""),IF('CLASS TT'!$V9=BL$5,CONCATENATE('CLASS TT'!$T$5,"-",'CLASS TT'!$T9),""),IF('CLASS TT'!$Z9=BL$5,CONCATENATE('CLASS TT'!$X$5,"-",'CLASS TT'!$X9),""),IF('CLASS TT'!$AD9=BL$5,CONCATENATE('CLASS TT'!$AB$5,"-",'CLASS TT'!$AB9),""),IF('CLASS TT'!$AH9=BL$5,CONCATENATE('CLASS TT'!$AF$5,"-",'CLASS TT'!$AF9),""),IF('CLASS TT'!$AL9=BL$5,CONCATENATE('CLASS TT'!$AJ$5,"-",'CLASS TT'!$AJ9),""),IF('CLASS TT'!$AP9=BL$5,CONCATENATE('CLASS TT'!$AN$5,"-",'CLASS TT'!$AN9),""),IF('CLASS TT'!$AT9=BL$5,CONCATENATE('CLASS TT'!$AR$5,"-",'CLASS TT'!$AR9),""),IF('CLASS TT'!$BB9=BL$5,CONCATENATE('CLASS TT'!$AZ$5,"-",'CLASS TT'!$AZ9),""),IF('CLASS TT'!$AX9=BL$5,CONCATENATE('CLASS TT'!$AV$5,"-",'CLASS TT'!$AV9),"")) | BM9: =CONCATENATE(IF('CLASS TT'!$F9=BL$5,'CLASS TT'!$E9,""),IF('CLASS TT'!$J9=BL$5,'CLASS TT'!$I9,""),IF('CLASS TT'!$N9=BL$5,'CLASS TT'!$M9,""),IF('CLASS TT'!$R9=BL$5,'CLASS TT'!$Q9,""),IF('CLASS TT'!$V9=BL$5,'CLASS TT'!$U9,""),IF('CLASS TT'!$Z9=BL$5,'CLASS TT'!$Y9,""),IF('CLASS TT'!$AD9=BL$5,'CLASS TT'!$AC9,""),IF('CLASS TT'!$AH9=BL$5,'CLASS TT'!$AG9,""),IF('CLASS TT'!$AL9=BL$5,'CLASS TT'!$AK9,""),IF('CLASS TT'!$AP9=BL$5,'CLASS TT'!$AO9,""),IF('CLASS TT'!$AT9=BL$5,'CLASS TT'!$AS9,""),IF('CLASS TT'!$BB9=BL$5,'CLASS TT'!$BA9,"")) | BN9: =CONCATENATE(IF('CLASS TT'!$F9=BL$5,'CLASS TT'!$F9,""),IF('CLASS TT'!$J9=BL$5,'CLASS TT'!$J9,""),IF('CLASS TT'!$N9=BL$5,'CLASS TT'!$N9,""),IF('CLASS TT'!$R9=BL$5,'CLASS TT'!$R9,""),IF('CLASS TT'!$V9=BL$5,'CLASS TT'!$V9,""),IF('CLASS TT'!$Z9=BL$5,'CLASS TT'!$Z9,""),IF('CLASS TT'!$AD9=BL$5,'CLASS TT'!$AD9,""),IF('CLASS TT'!$AH9=BL$5,'CLASS TT'!$AH9,""),IF('CLASS TT'!$AL9=BL$5,'CLASS TT'!$AL9,""),IF('CLASS TT'!$AP9=BL$5,'CLASS TT'!$AP9,""),IF('CLASS TT'!$AT9=BL$5,'CLASS TT'!$AT9,""),IF('CLASS TT'!$BB9=BL$5,'CLASS TT'!$BB9,""),IF('CLASS TT'!$AX9=BL$5,'CLASS TT'!$AX9,"")) | BO9: =CONCATENATE(IF('CLASS TT'!$F9=BL$5,'CLASS TT'!$G9,""),IF('CLASS TT'!$J9=BL$5,'CLASS TT'!$K9,""),IF('CLASS TT'!$N9=BL$5,'CLASS TT'!$O9,""),IF('CLASS TT'!$R9=BL$5,'CLASS TT'!$S9,""),IF('CLASS TT'!$V9=BL$5,'CLASS TT'!$W9,""),IF('CLASS TT'!$Z9=BL$5,'CLASS TT'!$AA9,""),IF('CLASS TT'!$AD9=BL$5,'CLASS TT'!$AE9,""),IF('CLASS TT'!$AH9=BL$5,'CLASS TT'!$AI9,""),IF('CLASS TT'!$AL9=BL$5,'CLASS TT'!$AM9,""),IF('CLASS TT'!$AP9=BL$5,'CLASS TT'!$AQ9,""),IF('CLASS TT'!$AT9=BL$5,'CLASS TT'!$AU9,""),IF('CLASS TT'!$BB9=BL$5,'CLASS TT'!$BC9,""),IF('CLASS TT'!$AX9=BL$5,'CLASS TT'!$AY9,"")) | BP9: =CONCATENATE(IF('CLASS TT'!$F9=BP$5,CONCATENATE('CLASS TT'!$D$5,"-",'CLASS TT'!$D9),""),IF('CLASS TT'!$J9=BP$5,CONCATENATE('CLASS TT'!$H$5,"-",'CLASS TT'!$H9),""),IF('CLASS TT'!$N9=BP$5,CONCATENATE('CLASS TT'!$L$5,"-",'CLASS TT'!$L9),""),IF('CLASS TT'!$R9=BP$5,CONCATENATE('CLASS TT'!$P$5,"-",'CLASS TT'!$P9),""),IF('CLASS TT'!$V9=BP$5,CONCATENATE('CLASS TT'!$T$5,"-",'CLASS TT'!$T9),""),IF('CLASS TT'!$Z9=BP$5,CONCATENATE('CLASS TT'!$X$5,"-",'CLASS TT'!$X9),""),IF('CLASS TT'!$AD9=BP$5,CONCATENATE('CLASS TT'!$AB$5,"-",'CLASS TT'!$AB9),""),IF('CLASS TT'!$AH9=BP$5,CONCATENATE('CLASS TT'!$AF$5,"-",'CLASS TT'!$AF9),""),IF('CLASS TT'!$AL9=BP$5,CONCATENATE('CLASS TT'!$AJ$5,"-",'CLASS TT'!$AJ9),""),IF('CLASS TT'!$AP9=BP$5,CONCATENATE('CLASS TT'!$AN$5,"-",'CLASS TT'!$AN9),""),IF('CLASS TT'!$AT9=BP$5,CONCATENATE('CLASS TT'!$AR$5,"-",'CLASS TT'!$AR9),""),IF('CLASS TT'!$BB9=BP$5,CONCATENATE('CLASS TT'!$AZ$5,"-",'CLASS TT'!$AZ9),""),IF('CLASS TT'!$AX9=BP$5,CONCATENATE('CLASS TT'!$AV$5,"-",'CLASS TT'!$AV9),"")) | BQ9: =CONCATENATE(IF('CLASS TT'!$F9=BP$5,'CLASS TT'!$E9,""),IF('CLASS TT'!$J9=BP$5,'CLASS TT'!$I9,""),IF('CLASS TT'!$N9=BP$5,'CLASS TT'!$M9,""),IF('CLASS TT'!$R9=BP$5,'CLASS TT'!$Q9,""),IF('CLASS TT'!$V9=BP$5,'CLASS TT'!$U9,""),IF('CLASS TT'!$Z9=BP$5,'CLASS TT'!$Y9,""),IF('CLASS TT'!$AD9=BP$5,'CLASS TT'!$AC9,""),IF('CLASS TT'!$AH9=BP$5,'CLASS TT'!$AG9,""),IF('CLASS TT'!$AL9=BP$5,'CLASS TT'!$AK9,""),IF('CLASS TT'!$AP9=BP$5,'CLASS TT'!$AO9,""),IF('CLASS TT'!$AT9=BP$5,'CLASS TT'!$AS9,""),IF('CLASS TT'!$BB9=BP$5,'CLASS TT'!$BA9,"")) | BR9: =CONCATENATE(IF('CLASS TT'!$F9=BP$5,'CLASS TT'!$F9,""),IF('CLASS TT'!$J9=BP$5,'CLASS TT'!$J9,""),IF('CLASS TT'!$N9=BP$5,'CLASS TT'!$N9,""),IF('CLASS TT'!$R9=BP$5,'CLASS TT'!$R9,""),IF('CLASS TT'!$V9=BP$5,'CLASS TT'!$V9,""),IF('CLASS TT'!$Z9=BP$5,'CLASS TT'!$Z9,""),IF('CLASS TT'!$AD9=BP$5,'CLASS TT'!$AD9,""),IF('CLASS TT'!$AH9=BP$5,'CLASS TT'!$AH9,""),IF('CLASS TT'!$AL9=BP$5,'CLASS TT'!$AL9,""),IF('CLASS TT'!$AP9=BP$5,'CLASS TT'!$AP9,""),IF('CLASS TT'!$AT9=BP$5,'CLASS TT'!$AT9,""),IF('CLASS TT'!$BB9=BP$5,'CLASS TT'!$BB9,""),IF('CLASS TT'!$AX9=BP$5,'CLASS TT'!$AX9,"")) | BS9: =CONCATENATE(IF('CLASS TT'!$F9=BP$5,'CLASS TT'!$G9,""),IF('CLASS TT'!$J9=BP$5,'CLASS TT'!$K9,""),IF('CLASS TT'!$N9=BP$5,'CLASS TT'!$O9,""),IF('CLASS TT'!$R9=BP$5,'CLASS TT'!$S9,""),IF('CLASS TT'!$V9=BP$5,'CLASS TT'!$W9,""),IF('CLASS TT'!$Z9=BP$5,'CLASS TT'!$AA9,""),IF('CLASS TT'!$AD9=BP$5,'CLASS TT'!$AE9,""),IF('CLASS TT'!$AH9=BP$5,'CLASS TT'!$AI9,""),IF('CLASS TT'!$AL9=BP$5,'CLASS TT'!$AM9,""),IF('CLASS TT'!$AP9=BP$5,'CLASS TT'!$AQ9,""),IF('CLASS TT'!$AT9=BP$5,'CLASS TT'!$AU9,""),IF('CLASS TT'!$BB9=BP$5,'CLASS TT'!$BC9,""),IF('CLASS TT'!$AX9=BP$5,'CLASS TT'!$AY9,"")) | BT9: =CONCATENATE(IF('CLASS TT'!$F9=BT$5,CONCATENATE('CLASS TT'!$D$5,"-",'CLASS TT'!$D9),""),IF('CLASS TT'!$J9=BT$5,CONCATENATE('CLASS TT'!$H$5,"-",'CLASS TT'!$H9),""),IF('CLASS TT'!$N9=BT$5,CONCATENATE('CLASS TT'!$L$5,"-",'CLASS TT'!$L9),""),IF('CLASS TT'!$R9=BT$5,CONCATENATE('CLASS TT'!$P$5,"-",'CLASS TT'!$P9),""),IF('CLASS TT'!$V9=BT$5,CONCATENATE('CLASS TT'!$T$5,"-",'CLASS TT'!$T9),""),IF('CLASS TT'!$Z9=BT$5,CONCATENATE('CLASS TT'!$X$5,"-",'CLASS TT'!$X9),""),IF('CLASS TT'!$AD9=BT$5,CONCATENATE('CLASS TT'!$AB$5,"-",'CLASS TT'!$AB9),""),IF('CLASS TT'!$AH9=BT$5,CONCATENATE('CLASS TT'!$AF$5,"-",'CLASS TT'!$AF9),""),IF('CLASS TT'!$AL9=BT$5,CONCATENATE('CLASS TT'!$AJ$5,"-",'CLASS TT'!$AJ9),""),IF('CLASS TT'!$AP9=BT$5,CONCATENATE('CLASS TT'!$AN$5,"-",'CLASS TT'!$AN9),""),IF('CLASS TT'!$AT9=BT$5,CONCATENATE('CLASS TT'!$AR$5,"-",'CLASS TT'!$AR9),""),IF('CLASS TT'!$BB9=BT$5,CONCATENATE('CLASS TT'!$AZ$5,"-",'CLASS TT'!$AZ9),""),IF('CLASS TT'!$AX9=BT$5,CONCATENATE('CLASS TT'!$AV$5,"-",'CLASS TT'!$AV9),"")) | BU9: =CONCATENATE(IF('CLASS TT'!$F9=BT$5,'CLASS TT'!$E9,""),IF('CLASS TT'!$J9=BT$5,'CLASS TT'!$I9,""),IF('CLASS TT'!$N9=BT$5,'CLASS TT'!$M9,""),IF('CLASS TT'!$R9=BT$5,'CLASS TT'!$Q9,""),IF('CLASS TT'!$V9=BT$5,'CLASS TT'!$U9,""),IF('CLASS TT'!$Z9=BT$5,'CLASS TT'!$Y9,""),IF('CLASS TT'!$AD9=BT$5,'CLASS TT'!$AC9,""),IF('CLASS TT'!$AH9=BT$5,'CLASS TT'!$AG9,""),IF('CLASS TT'!$AL9=BT$5,'CLASS TT'!$AK9,""),IF('CLASS TT'!$AP9=BT$5,'CLASS TT'!$AO9,""),IF('CLASS TT'!$AT9=BT$5,'CLASS TT'!$AS9,""),IF('CLASS TT'!$BB9=BT$5,'CLASS TT'!$BA9,"")) | BV9: =CONCATENATE(IF('CLASS TT'!$F9=BT$5,'CLASS TT'!$F9,""),IF('CLASS TT'!$J9=BT$5,'CLASS TT'!$J9,""),IF('CLASS TT'!$N9=BT$5,'CLASS TT'!$N9,""),IF('CLASS TT'!$R9=BT$5,'CLASS TT'!$R9,""),IF('CLASS TT'!$V9=BT$5,'CLASS TT'!$V9,""),IF('CLASS TT'!$Z9=BT$5,'CLASS TT'!$Z9,""),IF('CLASS TT'!$AD9=BT$5,'CLASS TT'!$AD9,""),IF('CLASS TT'!$AH9=BT$5,'CLASS TT'!$AH9,""),IF('CLASS TT'!$AL9=BT$5,'CLASS TT'!$AL9,""),IF('CLASS TT'!$AP9=BT$5,'CLASS TT'!$AP9,""),IF('CLASS TT'!$AT9=BT$5,'CLASS TT'!$AT9,""),IF('CLASS TT'!$BB9=BT$5,'CLASS TT'!$BB9,""),IF('CLASS TT'!$AX9=BT$5,'CLASS TT'!$AX9,"")) | BW9: =CONCATENATE(IF('CLASS TT'!$F9=BT$5,'CLASS TT'!$G9,""),IF('CLASS TT'!$J9=BT$5,'CLASS TT'!$K9,""),IF('CLASS TT'!$N9=BT$5,'CLASS TT'!$O9,""),IF('CLASS TT'!$R9=BT$5,'CLASS TT'!$S9,""),IF('CLASS TT'!$V9=BT$5,'CLASS TT'!$W9,""),IF('CLASS TT'!$Z9=BT$5,'CLASS TT'!$AA9,""),IF('CLASS TT'!$AD9=BT$5,'CLASS TT'!$AE9,""),IF('CLASS TT'!$AH9=BT$5,'CLASS TT'!$AI9,""),IF('CLASS TT'!$AL9=BT$5,'CLASS TT'!$AM9,""),IF('CLASS TT'!$AP9=BT$5,'CLASS TT'!$AQ9,""),IF('CLASS TT'!$AT9=BT$5,'CLASS TT'!$AU9,""),IF('CLASS TT'!$BB9=BT$5,'CLASS TT'!$BC9,""),IF('CLASS TT'!$AX9=BT$5,'CLASS TT'!$AY9,"")) | BX9: =CONCATENATE(IF('CLASS TT'!$F9=BX$5,CONCATENATE('CLASS TT'!$D$5,"-",'CLASS TT'!$D9),""),IF('CLASS TT'!$J9=BX$5,CONCATENATE('CLASS TT'!$H$5,"-",'CLASS TT'!$H9),""),IF('CLASS TT'!$N9=BX$5,CONCATENATE('CLASS TT'!$L$5,"-",'CLASS TT'!$L9),""),IF('CLASS TT'!$R9=BX$5,CONCATENATE('CLASS TT'!$P$5,"-",'CLASS TT'!$P9),""),IF('CLASS TT'!$V9=BX$5,CONCATENATE('CLASS TT'!$T$5,"-",'CLASS TT'!$T9),""),IF('CLASS TT'!$Z9=BX$5,CONCATENATE('CLASS TT'!$X$5,"-",'CLASS TT'!$X9),""),IF('CLASS TT'!$AD9=BX$5,CONCATENATE('CLASS TT'!$AB$5,"-",'CLASS TT'!$AB9),""),IF('CLASS TT'!$AH9=BX$5,CONCATENATE('CLASS TT'!$AF$5,"-",'CLASS TT'!$AF9),""),IF('CLASS TT'!$AL9=BX$5,CONCATENATE('CLASS TT'!$AJ$5,"-",'CLASS TT'!$AJ9),""),IF('CLASS TT'!$AP9=BX$5,CONCATENATE('CLASS TT'!$AN$5,"-",'CLASS TT'!$AN9),""),IF('CLASS TT'!$AT9=BX$5,CONCATENATE('CLASS TT'!$AR$5,"-",'CLASS TT'!$AR9),""),IF('CLASS TT'!$BB9=BX$5,CONCATENATE('CLASS TT'!$AZ$5,"-",'CLASS TT'!$AZ9),""),IF('CLASS TT'!$AX9=BX$5,CONCATENATE('CLASS TT'!$AV$5,"-",'CLASS TT'!$AV9),"")) | BY9: =CONCATENATE(IF('CLASS TT'!$F9=BX$5,'CLASS TT'!$E9,""),IF('CLASS TT'!$J9=BX$5,'CLASS TT'!$I9,""),IF('CLASS TT'!$N9=BX$5,'CLASS TT'!$M9,""),IF('CLASS TT'!$R9=BX$5,'CLASS TT'!$Q9,""),IF('CLASS TT'!$V9=BX$5,'CLASS TT'!$U9,""),IF('CLASS TT'!$Z9=BX$5,'CLASS TT'!$Y9,""),IF('CLASS TT'!$AD9=BX$5,'CLASS TT'!$AC9,""),IF('CLASS TT'!$AH9=BX$5,'CLASS TT'!$AG9,""),IF('CLASS TT'!$AL9=BX$5,'CLASS TT'!$AK9,""),IF('CLASS TT'!$AP9=BX$5,'CLASS TT'!$AO9,""),IF('CLASS TT'!$AT9=BX$5,'CLASS TT'!$AS9,""),IF('CLASS TT'!$BB9=BX$5,'CLASS TT'!$BA9,"")) | BZ9: =CONCATENATE(IF('CLASS TT'!$F9=BX$5,'CLASS TT'!$F9,""),IF('CLASS TT'!$J9=BX$5,'CLASS TT'!$J9,""),IF('CLASS TT'!$N9=BX$5,'CLASS TT'!$N9,""),IF('CLASS TT'!$R9=BX$5,'CLASS TT'!$R9,""),IF('CLASS TT'!$V9=BX$5,'CLASS TT'!$V9,""),IF('CLASS TT'!$Z9=BX$5,'CLASS TT'!$Z9,""),IF('CLASS TT'!$AD9=BX$5,'CLASS TT'!$AD9,""),IF('CLASS TT'!$AH9=BX$5,'CLASS TT'!$AH9,""),IF('CLASS TT'!$AL9=BX$5,'CLASS TT'!$AL9,""),IF('CLASS TT'!$AP9=BX$5,'CLASS TT'!$AP9,""),IF('CLASS TT'!$AT9=BX$5,'CLASS TT'!$AT9,""),IF('CLASS TT'!$BB9=BX$5,'CLASS TT'!$BB9,""),IF('CLASS TT'!$AX9=BX$5,'CLASS TT'!$AX9,"")) | CA9: =CONCATENATE(IF('CLASS TT'!$F9=BX$5,'CLASS TT'!$G9,""),IF('CLASS TT'!$J9=BX$5,'CLASS TT'!$K9,""),IF('CLASS TT'!$N9=BX$5,'CLASS TT'!$O9,""),IF('CLASS TT'!$R9=BX$5,'CLASS TT'!$S9,""),IF('CLASS TT'!$V9=BX$5,'CLASS TT'!$W9,""),IF('CLASS TT'!$Z9=BX$5,'CLASS TT'!$AA9,""),IF('CLASS TT'!$AD9=BX$5,'CLASS TT'!$AE9,""),IF('CLASS TT'!$AH9=BX$5,'CLASS TT'!$AI9,""),IF('CLASS TT'!$AL9=BX$5,'CLASS TT'!$AM9,""),IF('CLASS TT'!$AP9=BX$5,'CLASS TT'!$AQ9,""),IF('CLASS TT'!$AT9=BX$5,'CLASS TT'!$AU9,""),IF('CLASS TT'!$BB9=BX$5,'CLASS TT'!$BC9,""),IF('CLASS TT'!$AX9=BX$5,'CLASS TT'!$AY9,"")) | CB9: =CONCATENATE(IF('CLASS TT'!$F9=CB$5,CONCATENATE('CLASS TT'!$D$5,"-",'CLASS TT'!$D9),""),IF('CLASS TT'!$J9=CB$5,CONCATENATE('CLASS TT'!$H$5,"-",'CLASS TT'!$H9),""),IF('CLASS TT'!$N9=CB$5,CONCATENATE('CLASS TT'!$L$5,"-",'CLASS TT'!$L9),""),IF('CLASS TT'!$R9=CB$5,CONCATENATE('CLASS TT'!$P$5,"-",'CLASS TT'!$P9),""),IF('CLASS TT'!$V9=CB$5,CONCATENATE('CLASS TT'!$T$5,"-",'CLASS TT'!$T9),""),IF('CLASS TT'!$Z9=CB$5,CONCATENATE('CLASS TT'!$X$5,"-",'CLASS TT'!$X9),""),IF('CLASS TT'!$AD9=CB$5,CONCATENATE('CLASS TT'!$AB$5,"-",'CLASS TT'!$AB9),""),IF('CLASS TT'!$AH9=CB$5,CONCATENATE('CLASS TT'!$AF$5,"-",'CLASS TT'!$AF9),""),IF('CLASS TT'!$AL9=CB$5,CONCATENATE('CLASS TT'!$AJ$5,"-",'CLASS TT'!$AJ9),""),IF('CLASS TT'!$AP9=CB$5,CONCATENATE('CLASS TT'!$AN$5,"-",'CLASS TT'!$AN9),""),IF('CLASS TT'!$AT9=CB$5,CONCATENATE('CLASS TT'!$AR$5,"-",'CLASS TT'!$AR9),""),IF('CLASS TT'!$BB9=CB$5,CONCATENATE('CLASS TT'!$AZ$5,"-",'CLASS TT'!$AZ9),""),IF('CLASS TT'!$AX9=CB$5,CONCATENATE('CLASS TT'!$AV$5,"-",'CLASS TT'!$AV9),"")) | CC9: =CONCATENATE(IF('CLASS TT'!$F9=CB$5,'CLASS TT'!$E9,""),IF('CLASS TT'!$J9=CB$5,'CLASS TT'!$I9,""),IF('CLASS TT'!$N9=CB$5,'CLASS TT'!$M9,""),IF('CLASS TT'!$R9=CB$5,'CLASS TT'!$Q9,""),IF('CLASS TT'!$V9=CB$5,'CLASS TT'!$U9,""),IF('CLASS TT'!$Z9=CB$5,'CLASS TT'!$Y9,""),IF('CLASS TT'!$AD9=CB$5,'CLASS TT'!$AC9,""),IF('CLASS TT'!$AH9=CB$5,'CLASS TT'!$AG9,""),IF('CLASS TT'!$AL9=CB$5,'CLASS TT'!$AK9,""),IF('CLASS TT'!$AP9=CB$5,'CLASS TT'!$AO9,""),IF('CLASS TT'!$AT9=CB$5,'CLASS TT'!$AS9,""),IF('CLASS TT'!$BB9=CB$5,'CLASS TT'!$BA9,"")) | CD9: =CONCATENATE(IF('CLASS TT'!$F9=CB$5,'CLASS TT'!$F9,""),IF('CLASS TT'!$J9=CB$5,'CLASS TT'!$J9,""),IF('CLASS TT'!$N9=CB$5,'CLASS TT'!$N9,""),IF('CLASS TT'!$R9=CB$5,'CLASS TT'!$R9,""),IF('CLASS TT'!$V9=CB$5,'CLASS TT'!$V9,""),IF('CLASS TT'!$Z9=CB$5,'CLASS TT'!$Z9,""),IF('CLASS TT'!$AD9=CB$5,'CLASS TT'!$AD9,""),IF('CLASS TT'!$AH9=CB$5,'CLASS TT'!$AH9,""),IF('CLASS TT'!$AL9=CB$5,'CLASS TT'!$AL9,""),IF('CLASS TT'!$AP9=CB$5,'CLASS TT'!$AP9,""),IF('CLASS TT'!$AT9=CB$5,'CLASS TT'!$AT9,""),IF('CLASS TT'!$BB9=CB$5,'CLASS TT'!$BB9,""),IF('CLASS TT'!$AX9=CB$5,'CLASS TT'!$AX9,"")) | CE9: =CONCATENATE(IF('CLASS TT'!$F9=CB$5,'CLASS TT'!$G9,""),IF('CLASS TT'!$J9=CB$5,'CLASS TT'!$K9,""),IF('CLASS TT'!$N9=CB$5,'CLASS TT'!$O9,""),IF('CLASS TT'!$R9=CB$5,'CLASS TT'!$S9,""),IF('CLASS TT'!$V9=CB$5,'CLASS TT'!$W9,""),IF('CLASS TT'!$Z9=CB$5,'CLASS TT'!$AA9,""),IF('CLASS TT'!$AD9=CB$5,'CLASS TT'!$AE9,""),IF('CLASS TT'!$AH9=CB$5,'CLASS TT'!$AI9,""),IF('CLASS TT'!$AL9=CB$5,'CLASS TT'!$AM9,""),IF('CLASS TT'!$AP9=CB$5,'CLASS TT'!$AQ9,""),IF('CLASS TT'!$AT9=CB$5,'CLASS TT'!$AU9,""),IF('CLASS TT'!$BB9=CB$5,'CLASS TT'!$BC9,""),IF('CLASS TT'!$AX9=CB$5,'CLASS TT'!$AY9,"")) | CF9: =CONCATENATE(IF('CLASS TT'!$F9=CF$5,CONCATENATE('CLASS TT'!$D$5,"-",'CLASS TT'!$D9),""),IF('CLASS TT'!$J9=CF$5,CONCATENATE('CLASS TT'!$H$5,"-",'CLASS TT'!$H9),""),IF('CLASS TT'!$N9=CF$5,CONCATENATE('CLASS TT'!$L$5,"-",'CLASS TT'!$L9),""),IF('CLASS TT'!$R9=CF$5,CONCATENATE('CLASS TT'!$P$5,"-",'CLASS TT'!$P9),""),IF('CLASS TT'!$V9=CF$5,CONCATENATE('CLASS TT'!$T$5,"-",'CLASS TT'!$T9),""),IF('CLASS TT'!$Z9=CF$5,CONCATENATE('CLASS TT'!$X$5,"-",'CLASS TT'!$X9),""),IF('CLASS TT'!$AD9=CF$5,CONCATENATE('CLASS TT'!$AB$5,"-",'CLASS TT'!$AB9),""),IF('CLASS TT'!$AH9=CF$5,CONCATENATE('CLASS TT'!$AF$5,"-",'CLASS TT'!$AF9),""),IF('CLASS TT'!$AL9=CF$5,CONCATENATE('CLASS TT'!$AJ$5,"-",'CLASS TT'!$AJ9),""),IF('CLASS TT'!$AP9=CF$5,CONCATENATE('CLASS TT'!$AN$5,"-",'CLASS TT'!$AN9),""),IF('CLASS TT'!$AT9=CF$5,CONCATENATE('CLASS TT'!$AR$5,"-",'CLASS TT'!$AR9),""),IF('CLASS TT'!$BB9=CF$5,CONCATENATE('CLASS TT'!$AZ$5,"-",'CLASS TT'!$AZ9),""),IF('CLASS TT'!$AX9=CF$5,CONCATENATE('CLASS TT'!$AV$5,"-",'CLASS TT'!$AV9),"")) | CG9: =CONCATENATE(IF('CLASS TT'!$F9=CF$5,'CLASS TT'!$E9,""),IF('CLASS TT'!$J9=CF$5,'CLASS TT'!$I9,""),IF('CLASS TT'!$N9=CF$5,'CLASS TT'!$M9,""),IF('CLASS TT'!$R9=CF$5,'CLASS TT'!$Q9,""),IF('CLASS TT'!$V9=CF$5,'CLASS TT'!$U9,""),IF('CLASS TT'!$Z9=CF$5,'CLASS TT'!$Y9,""),IF('CLASS TT'!$AD9=CF$5,'CLASS TT'!$AC9,""),IF('CLASS TT'!$AH9=CF$5,'CLASS TT'!$AG9,""),IF('CLASS TT'!$AL9=CF$5,'CLASS TT'!$AK9,""),IF('CLASS TT'!$AP9=CF$5,'CLASS TT'!$AO9,""),IF('CLASS TT'!$AT9=CF$5,'CLASS TT'!$AS9,""),IF('CLASS TT'!$BB9=CF$5,'CLASS TT'!$BA9,"")) | CH9: =CONCATENATE(IF('CLASS TT'!$F9=CF$5,'CLASS TT'!$F9,""),IF('CLASS TT'!$J9=CF$5,'CLASS TT'!$J9,""),IF('CLASS TT'!$N9=CF$5,'CLASS TT'!$N9,""),IF('CLASS TT'!$R9=CF$5,'CLASS TT'!$R9,""),IF('CLASS TT'!$V9=CF$5,'CLASS TT'!$V9,""),IF('CLASS TT'!$Z9=CF$5,'CLASS TT'!$Z9,""),IF('CLASS TT'!$AD9=CF$5,'CLASS TT'!$AD9,""),IF('CLASS TT'!$AH9=CF$5,'CLASS TT'!$AH9,""),IF('CLASS TT'!$AL9=CF$5,'CLASS TT'!$AL9,""),IF('CLASS TT'!$AP9=CF$5,'CLASS TT'!$AP9,""),IF('CLASS TT'!$AT9=CF$5,'CLASS TT'!$AT9,""),IF('CLASS TT'!$BB9=CF$5,'CLASS TT'!$BB9,""),IF('CLASS TT'!$AX9=CF$5,'CLASS TT'!$AX9,"")) | CI9: =CONCATENATE(IF('CLASS TT'!$F9=CF$5,'CLASS TT'!$G9,""),IF('CLASS TT'!$J9=CF$5,'CLASS TT'!$K9,""),IF('CLASS TT'!$N9=CF$5,'CLASS TT'!$O9,""),IF('CLASS TT'!$R9=CF$5,'CLASS TT'!$S9,""),IF('CLASS TT'!$V9=CF$5,'CLASS TT'!$W9,""),IF('CLASS TT'!$Z9=CF$5,'CLASS TT'!$AA9,""),IF('CLASS TT'!$AD9=CF$5,'CLASS TT'!$AE9,""),IF('CLASS TT'!$AH9=CF$5,'CLASS TT'!$AI9,""),IF('CLASS TT'!$AL9=CF$5,'CLASS TT'!$AM9,""),IF('CLASS TT'!$AP9=CF$5,'CLASS TT'!$AQ9,""),IF('CLASS TT'!$AT9=CF$5,'CLASS TT'!$AU9,""),IF('CLASS TT'!$BB9=CF$5,'CLASS TT'!$BC9,""),IF('CLASS TT'!$AX9=CF$5,'CLASS TT'!$AY9,"")) | CJ9: =CONCATENATE(IF('CLASS TT'!$F9=CJ$5,CONCATENATE('CLASS TT'!$D$5,"-",'CLASS TT'!$D9),""),IF('CLASS TT'!$J9=CJ$5,CONCATENATE('CLASS TT'!$H$5,"-",'CLASS TT'!$H9),""),IF('CLASS TT'!$N9=CJ$5,CONCATENATE('CLASS TT'!$L$5,"-",'CLASS TT'!$L9),""),IF('CLASS TT'!$R9=CJ$5,CONCATENATE('CLASS TT'!$P$5,"-",'CLASS TT'!$P9),""),IF('CLASS TT'!$V9=CJ$5,CONCATENATE('CLASS TT'!$T$5,"-",'CLASS TT'!$T9),""),IF('CLASS TT'!$Z9=CJ$5,CONCATENATE('CLASS TT'!$X$5,"-",'CLASS TT'!$X9),""),IF('CLASS TT'!$AD9=CJ$5,CONCATENATE('CLASS TT'!$AB$5,"-",'CLASS TT'!$AB9),""),IF('CLASS TT'!$AH9=CJ$5,CONCATENATE('CLASS TT'!$AF$5,"-",'CLASS TT'!$AF9),""),IF('CLASS TT'!$AL9=CJ$5,CONCATENATE('CLASS TT'!$AJ$5,"-",'CLASS TT'!$AJ9),""),IF('CLASS TT'!$AP9=CJ$5,CONCATENATE('CLASS TT'!$AN$5,"-",'CLASS TT'!$AN9),""),IF('CLASS TT'!$AT9=CJ$5,CONCATENATE('CLASS TT'!$AR$5,"-",'CLASS TT'!$AR9),""),IF('CLASS TT'!$BB9=CJ$5,CONCATENATE('CLASS TT'!$AZ$5,"-",'CLASS TT'!$AZ9),""),IF('CLASS TT'!$AX9=CJ$5,CONCATENATE('CLASS TT'!$AV$5,"-",'CLASS TT'!$AV9),"")) | CK9: =CONCATENATE(IF('CLASS TT'!$F9=CJ$5,'CLASS TT'!$E9,""),IF('CLASS TT'!$J9=CJ$5,'CLASS TT'!$I9,""),IF('CLASS TT'!$N9=CJ$5,'CLASS TT'!$M9,""),IF('CLASS TT'!$R9=CJ$5,'CLASS TT'!$Q9,""),IF('CLASS TT'!$V9=CJ$5,'CLASS TT'!$U9,""),IF('CLASS TT'!$Z9=CJ$5,'CLASS TT'!$Y9,""),IF('CLASS TT'!$AD9=CJ$5,'CLASS TT'!$AC9,""),IF('CLASS TT'!$AH9=CJ$5,'CLASS TT'!$AG9,""),IF('CLASS TT'!$AL9=CJ$5,'CLASS TT'!$AK9,""),IF('CLASS TT'!$AP9=CJ$5,'CLASS TT'!$AO9,""),IF('CLASS TT'!$AT9=CJ$5,'CLASS TT'!$AS9,""),IF('CLASS TT'!$BB9=CJ$5,'CLASS TT'!$BA9,"")) | CL9: =CONCATENATE(IF('CLASS TT'!$F9=CJ$5,'CLASS TT'!$F9,""),IF('CLASS TT'!$J9=CJ$5,'CLASS TT'!$J9,""),IF('CLASS TT'!$N9=CJ$5,'CLASS TT'!$N9,""),IF('CLASS TT'!$R9=CJ$5,'CLASS TT'!$R9,""),IF('CLASS TT'!$V9=CJ$5,'CLASS TT'!$V9,""),IF('CLASS TT'!$Z9=CJ$5,'CLASS TT'!$Z9,""),IF('CLASS TT'!$AD9=CJ$5,'CLASS TT'!$AD9,""),IF('CLASS TT'!$AH9=CJ$5,'CLASS TT'!$AH9,""),IF('CLASS TT'!$AL9=CJ$5,'CLASS TT'!$AL9,""),IF('CLASS TT'!$AP9=CJ$5,'CLASS TT'!$AP9,""),IF('CLASS TT'!$AT9=CJ$5,'CLASS TT'!$AT9,""),IF('CLASS TT'!$BB9=CJ$5,'CLASS TT'!$BB9,""),IF('CLASS TT'!$AX9=CJ$5,'CLASS TT'!$AX9,"")) | CM9: =CONCATENATE(IF('CLASS TT'!$F9=CJ$5,'CLASS TT'!$G9,""),IF('CLASS TT'!$J9=CJ$5,'CLASS TT'!$K9,""),IF('CLASS TT'!$N9=CJ$5,'CLASS TT'!$O9,""),IF('CLASS TT'!$R9=CJ$5,'CLASS TT'!$S9,""),IF('CLASS TT'!$V9=CJ$5,'CLASS TT'!$W9,""),IF('CLASS TT'!$Z9=CJ$5,'CLASS TT'!$AA9,""),IF('CLASS TT'!$AD9=CJ$5,'CLASS TT'!$AE9,""),IF('CLASS TT'!$AH9=CJ$5,'CLASS TT'!$AI9,""),IF('CLASS TT'!$AL9=CJ$5,'CLASS TT'!$AM9,""),IF('CLASS TT'!$AP9=CJ$5,'CLASS TT'!$AQ9,""),IF('CLASS TT'!$AT9=CJ$5,'CLASS TT'!$AU9,""),IF('CLASS TT'!$BB9=CJ$5,'CLASS TT'!$BC9,""),IF('CLASS TT'!$AX9=CJ$5,'CLASS TT'!$AY9,"")) | CR9: =CONCATENATE(IF('CLASS TT'!$F9=CR$5,CONCATENATE('CLASS TT'!$D$5,"-",'CLASS TT'!$D9),""),IF('CLASS TT'!$J9=CR$5,CONCATENATE('CLASS TT'!$H$5,"-",'CLASS TT'!$H9),""),IF('CLASS TT'!$N9=CR$5,CONCATENATE('CLASS TT'!$L$5,"-",'CLASS TT'!$L9),""),IF('CLASS TT'!$R9=CR$5,CONCATENATE('CLASS TT'!$P$5,"-",'CLASS TT'!$P9),""),IF('CLASS TT'!$V9=CR$5,CONCATENATE('CLASS TT'!$T$5,"-",'CLASS TT'!$T9),""),IF('CLASS TT'!$Z9=CR$5,CONCATENATE('CLASS TT'!$X$5,"-",'CLASS TT'!$X9),""),IF('CLASS TT'!$AD9=CR$5,CONCATENATE('CLASS TT'!$AB$5,"-",'CLASS TT'!$AB9),""),IF('CLASS TT'!$AH9=CR$5,CONCATENATE('CLASS TT'!$AF$5,"-",'CLASS TT'!$AF9),""),IF('CLASS TT'!$AL9=CR$5,CONCATENATE('CLASS TT'!$AJ$5,"-",'CLASS TT'!$AJ9),""),IF('CLASS TT'!$AP9=CR$5,CONCATENATE('CLASS TT'!$AN$5,"-",'CLASS TT'!$AN9),""),IF('CLASS TT'!$AT9=CR$5,CONCATENATE('CLASS TT'!$AR$5,"-",'CLASS TT'!$AR9),""),IF('CLASS TT'!$BB9=CR$5,CONCATENATE('CLASS TT'!$AZ$5,"-",'CLASS TT'!$AZ9),""),IF('CLASS TT'!$AX9=CR$5,CONCATENATE('CLASS TT'!$AV$5,"-",'CLASS TT'!$AV9),"")) | CS9: =CONCATENATE(IF('CLASS TT'!$F9=CR$5,'CLASS TT'!$E9,""),IF('CLASS TT'!$J9=CR$5,'CLASS TT'!$I9,""),IF('CLASS TT'!$N9=CR$5,'CLASS TT'!$M9,""),IF('CLASS TT'!$R9=CR$5,'CLASS TT'!$Q9,""),IF('CLASS TT'!$V9=CR$5,'CLASS TT'!$U9,""),IF('CLASS TT'!$Z9=CR$5,'CLASS TT'!$Y9,""),IF('CLASS TT'!$AD9=CR$5,'CLASS TT'!$AC9,""),IF('CLASS TT'!$AH9=CR$5,'CLASS TT'!$AG9,""),IF('CLASS TT'!$AL9=CR$5,'CLASS TT'!$AK9,""),IF('CLASS TT'!$AP9=CR$5,'CLASS TT'!$AO9,""),IF('CLASS TT'!$AT9=CR$5,'CLASS TT'!$AS9,""),IF('CLASS TT'!$BB9=CR$5,'CLASS TT'!$BA9,"")) | CT9: =CONCATENATE(IF('CLASS TT'!$F9=CR$5,'CLASS TT'!$F9,""),IF('CLASS TT'!$J9=CR$5,'CLASS TT'!$J9,""),IF('CLASS TT'!$N9=CR$5,'CLASS TT'!$N9,""),IF('CLASS TT'!$R9=CR$5,'CLASS TT'!$R9,""),IF('CLASS TT'!$V9=CR$5,'CLASS TT'!$V9,""),IF('CLASS TT'!$Z9=CR$5,'CLASS TT'!$Z9,""),IF('CLASS TT'!$AD9=CR$5,'CLASS TT'!$AD9,""),IF('CLASS TT'!$AH9=CR$5,'CLASS TT'!$AH9,""),IF('CLASS TT'!$AL9=CR$5,'CLASS TT'!$AL9,""),IF('CLASS TT'!$AP9=CR$5,'CLASS TT'!$AP9,""),IF('CLASS TT'!$AT9=CR$5,'CLASS TT'!$AT9,""),IF('CLASS TT'!$BB9=CR$5,'CLASS TT'!$BB9,""),IF('CLASS TT'!$AX9=CR$5,'CLASS TT'!$AX9,"")) | CU9: =CONCATENATE(IF('CLASS TT'!$F9=CR$5,'CLASS TT'!$G9,""),IF('CLASS TT'!$J9=CR$5,'CLASS TT'!$K9,""),IF('CLASS TT'!$N9=CR$5,'CLASS TT'!$O9,""),IF('CLASS TT'!$R9=CR$5,'CLASS TT'!$S9,""),IF('CLASS TT'!$V9=CR$5,'CLASS TT'!$W9,""),IF('CLASS TT'!$Z9=CR$5,'CLASS TT'!$AA9,""),IF('CLASS TT'!$AD9=CR$5,'CLASS TT'!$AE9,""),IF('CLASS TT'!$AH9=CR$5,'CLASS TT'!$AI9,""),IF('CLASS TT'!$AL9=CR$5,'CLASS TT'!$AM9,""),IF('CLASS TT'!$AP9=CR$5,'CLASS TT'!$AQ9,""),IF('CLASS TT'!$AT9=CR$5,'CLASS TT'!$AU9,""),IF('CLASS TT'!$BB9=CR$5,'CLASS TT'!$BC9,""),IF('CLASS TT'!$AX9=CR$5,'CLASS TT'!$AY9,""))
